2	3	1.0
4	5	1.0
5	386	1.0
7	8	1.0
8	86	1.0
9	10	1.0
10	33	1.0
11	12	1.0
12	256	1.0
14	10	1.0
14	15	1.0
16	17	1.0
17	21	1.0
17	128	1.0
19	15	1.0
20	21	1.0
21	195	1.0
22	23	1.0
23	115	1.0
23	128	1.0
24	25	1.0
26	27	1.0
26	28	1.0
26	29	1.0
27	38	1.0
27	49	1.0
27	142	1.0
27	143	1.0
28	29	1.0
30	27	1.0
32	17	1.0
32	33	1.0
33	38	1.0
34	35	1.0
34	36	1.0
35	141	1.0
35	190	1.0
35	538	1.0
36	35	1.0
37	38	1.0
37	39	1.0
37	40	1.0
37	41	1.0
37	42	1.0
37	43	1.0
39	38	1.0
40	17	1.0
41	43	1.0
44	45	1.0
45	15	1.0
45	128	1.0
47	5	1.0
48	49	1.0
48	50	1.0
48	51	1.0
48	52	1.0
49	143	1.0
50	52	1.0
53	8	1.0
54	15	1.0
54	381	1.0
55	56	1.0
56	125	1.0
57	58	1.0
57	59	1.0
60	61	1.0
60	62	1.0
62	240	1.0
63	64	1.0
63	65	1.0
66	67	1.0
68	69	1.0
70	42	1.0
70	71	1.0
71	25	1.0
72	15	1.0
74	27	1.0
74	52	1.0
75	10	1.0
75	76	1.0
76	299	1.0
76	300	1.0
77	78	1.0
77	79	1.0
77	80	1.0
78	122	1.0
79	78	1.0
81	15	1.0
81	82	1.0
82	15	1.0
82	92	1.0
83	84	1.0
84	255	1.0
85	86	1.0
87	84	1.0
88	89	1.0
90	15	1.0
90	91	1.0
90	92	1.0
91	15	1.0
91	76	1.0
91	92	1.0
91	107	1.0
92	300	1.0
92	307	1.0
93	17	1.0
94	80	1.0
96	97	1.0
97	176	1.0
97	177	1.0
98	92	1.0
98	99	1.0
98	100	1.0
98	101	1.0
100	92	1.0
101	33	1.0
101	49	1.0
102	15	1.0
102	76	1.0
103	64	1.0
103	104	1.0
103	105	1.0
104	115	1.0
105	128	1.0
106	15	1.0
106	76	1.0
106	92	1.0
106	107	1.0
109	110	1.0
111	112	1.0
113	16	1.0
113	65	1.0
114	59	1.0
116	10	1.0
117	118	1.0
119	43	1.0
119	120	1.0
121	122	1.0
123	15	1.0
123	76	1.0
123	92	1.0
123	107	1.0
124	23	1.0
124	120	1.0
125	369	1.0
126	56	1.0
127	128	1.0
127	129	1.0
128	21	1.0
128	195	1.0
129	21	1.0
130	131	1.0
130	132	1.0
131	15	1.0
131	76	1.0
131	91	1.0
131	92	1.0
131	143	1.0
132	15	1.0
133	15	1.0
133	100	1.0
133	134	1.0
134	15	1.0
134	100	1.0
135	122	1.0
136	89	1.0
136	137	1.0
138	139	1.0
140	141	1.0
144	424	1.0
145	15	1.0
145	92	1.0
145	131	1.0
147	54	1.0
147	148	1.0
148	43	1.0
148	395	1.0
149	39	1.0
149	41	1.0
149	150	1.0
152	153	1.0
153	10	1.0
153	32	1.0
153	73	1.0
153	230	1.0
154	155	1.0
155	128	1.0
156	134	1.0
157	140	1.0
158	159	1.0
160	15	1.0
160	51	1.0
160	91	1.0
160	101	1.0
160	132	1.0
160	161	1.0
160	162	1.0
161	255	1.0
162	15	1.0
163	164	1.0
165	129	1.0
166	167	1.0
166	168	1.0
167	168	1.0
169	120	1.0
170	27	1.0
170	142	1.0
170	171	1.0
171	49	1.0
172	39	1.0
172	115	1.0
172	128	1.0
173	49	1.0
173	174	1.0
174	101	1.0
174	439	1.0
175	97	1.0
175	176	1.0
175	177	1.0
176	97	1.0
179	180	1.0
181	45	1.0
182	38	1.0
182	49	1.0
182	142	1.0
182	143	1.0
183	15	1.0
183	38	1.0
184	51	1.0
185	49	1.0
185	174	1.0
186	187	1.0
187	122	1.0
189	35	1.0
189	141	1.0
189	190	1.0
189	191	1.0
190	141	1.0
191	38	1.0
192	51	1.0
193	46	1.0
194	15	1.0
194	76	1.0
194	92	1.0
194	107	1.0
195	821	1.0
196	15	1.0
196	65	1.0
196	91	1.0
197	198	1.0
199	200	1.0
201	202	1.0
202	285	1.0
203	15	1.0
203	142	1.0
203	162	1.0
204	32	1.0
204	64	1.0
204	115	1.0
205	206	1.0
208	76	1.0
208	209	1.0
210	167	1.0
211	6	1.0
211	40	1.0
211	42	1.0
212	213	1.0
214	215	1.0
216	15	1.0
216	92	1.0
217	84	1.0
218	52	1.0
218	219	1.0
218	220	1.0
220	219	1.0
221	176	1.0
221	177	1.0
222	223	1.0
223	84	1.0
224	43	1.0
224	225	1.0
225	278	1.0
226	141	1.0
226	190	1.0
227	15	1.0
227	91	1.0
227	92	1.0
227	134	1.0
228	229	1.0
230	23	1.0
230	39	1.0
230	115	1.0
230	122	1.0
230	128	1.0
232	10	1.0
232	153	1.0
232	233	1.0
233	10	1.0
233	15	1.0
234	235	1.0
234	236	1.0
238	33	1.0
238	49	1.0
238	143	1.0
239	240	1.0
241	10	1.0
241	16	1.0
241	32	1.0
241	43	1.0
241	64	1.0
241	150	1.0
241	242	1.0
243	219	1.0
244	245	1.0
246	32	1.0
247	236	1.0
248	142	1.0
249	146	1.0
250	251	1.0
251	40	1.0
251	41	1.0
251	42	1.0
251	322	1.0
252	195	1.0
255	180	1.0
257	141	1.0
257	155	1.0
258	95	1.0
258	259	1.0
260	164	1.0
261	76	1.0
261	115	1.0
262	39	1.0
262	54	1.0
262	150	1.0
262	231	1.0
262	256	1.0
263	10	1.0
263	32	1.0
263	33	1.0
263	233	1.0
263	264	1.0
265	10	1.0
265	32	1.0
265	266	1.0
265	267	1.0
266	10	1.0
266	32	1.0
266	233	1.0
267	10	1.0
267	32	1.0
268	15	1.0
268	76	1.0
268	92	1.0
269	259	1.0
270	271	1.0
271	665	1.0
271	825	1.0
271	897	1.0
272	15	1.0
273	92	1.0
273	100	1.0
273	274	1.0
274	92	1.0
274	99	1.0
274	100	1.0
276	10	1.0
276	32	1.0
276	73	1.0
276	230	1.0
276	233	1.0
277	65	1.0
279	43	1.0
280	281	1.0
282	33	1.0
282	49	1.0
282	143	1.0
283	15	1.0
284	285	1.0
286	287	1.0
287	174	1.0
288	168	1.0
289	290	1.0
290	116	1.0
290	230	1.0
291	25	1.0
292	190	1.0
293	25	1.0
294	18	1.0
295	80	1.0
297	200	1.0
298	89	1.0
301	17	1.0
302	125	1.0
303	304	1.0
304	128	1.0
305	27	1.0
305	86	1.0
305	248	1.0
306	15	1.0
306	17	1.0
306	92	1.0
306	128	1.0
306	307	1.0
307	849	1.0
308	10	1.0
309	15	1.0
310	27	1.0
310	101	1.0
310	116	1.0
310	311	1.0
310	312	1.0
311	75	1.0
311	101	1.0
311	381	1.0
311	480	1.0
313	100	1.0
313	314	1.0
316	80	1.0
317	10	1.0
317	318	1.0
318	10	1.0
318	233	1.0
318	387	1.0
318	502	1.0
319	320	1.0
321	199	1.0
321	200	1.0
321	322	1.0
322	468	1.0
322	517	1.0
323	46	1.0
323	324	1.0
323	325	1.0
324	84	1.0
325	46	1.0
325	84	1.0
326	15	1.0
326	76	1.0
327	128	1.0
328	167	1.0
328	168	1.0
329	82	1.0
330	153	1.0
331	332	1.0
334	89	1.0
334	137	1.0
335	287	1.0
336	5	1.0
336	18	1.0
337	128	1.0
338	339	1.0
340	128	1.0
341	142	1.0
342	65	1.0
342	321	1.0
343	153	1.0
344	129	1.0
345	285	1.0
346	65	1.0
347	38	1.0
348	314	1.0
349	10	1.0
349	32	1.0
349	73	1.0
349	230	1.0
350	351	1.0
352	65	1.0
352	122	1.0
353	195	1.0
353	1005	1.0
353	1085	1.0
354	355	1.0
357	92	1.0
358	27	1.0
359	139	1.0
359	236	1.0
360	139	1.0
361	285	1.0
362	237	1.0
363	5	1.0
365	15	1.0
365	92	1.0
366	367	1.0
367	69	1.0
368	76	1.0
368	134	1.0
368	223	1.0
368	240	1.0
370	8	1.0
371	264	1.0
372	54	1.0
372	148	1.0
373	99	1.0
374	15	1.0
374	92	1.0
374	375	1.0
375	15	1.0
375	100	1.0
376	377	1.0
376	378	1.0
379	78	1.0
379	79	1.0
379	80	1.0
380	381	1.0
381	43	1.0
381	395	1.0
382	35	1.0
383	384	1.0
385	386	1.0
389	300	1.0
389	307	1.0
390	5	1.0
391	259	1.0
392	180	1.0
393	394	1.0
393	395	1.0
394	660	1.0
396	188	1.0
397	199	1.0
397	200	1.0
397	322	1.0
398	65	1.0
398	122	1.0
400	15	1.0
400	38	1.0
400	92	1.0
400	401	1.0
401	861	1.0
401	862	1.0
402	108	1.0
403	80	1.0
404	15	1.0
404	51	1.0
404	91	1.0
404	101	1.0
404	132	1.0
404	161	1.0
404	162	1.0
406	260	1.0
407	341	1.0
408	236	1.0
409	15	1.0
409	375	1.0
410	49	1.0
411	206	1.0
412	80	1.0
413	16	1.0
413	318	1.0
413	377	1.0
413	378	1.0
413	381	1.0
414	15	1.0
414	415	1.0
416	5	1.0
416	18	1.0
417	27	1.0
417	46	1.0
417	65	1.0
417	142	1.0
417	275	1.0
418	23	1.0
418	120	1.0
419	198	1.0
419	420	1.0
421	10	1.0
421	422	1.0
422	76	1.0
422	151	1.0
422	756	1.0
423	332	1.0
424	91	1.0
425	38	1.0
426	131	1.0
426	427	1.0
427	15	1.0
427	76	1.0
427	131	1.0
427	134	1.0
428	5	1.0
428	18	1.0
429	39	1.0
429	54	1.0
429	150	1.0
429	231	1.0
429	256	1.0
430	100	1.0
430	134	1.0
430	431	1.0
430	432	1.0
431	133	1.0
431	134	1.0
432	15	1.0
432	100	1.0
433	235	1.0
433	236	1.0
433	434	1.0
434	235	1.0
434	236	1.0
435	100	1.0
435	274	1.0
436	131	1.0
436	227	1.0
436	437	1.0
437	54	1.0
437	115	1.0
437	148	1.0
438	42	1.0
438	439	1.0
439	42	1.0
439	51	1.0
440	10	1.0
440	153	1.0
441	405	1.0
442	125	1.0
443	108	1.0
444	15	1.0
444	43	1.0
444	80	1.0
445	199	1.0
445	321	1.0
446	141	1.0
447	148	1.0
449	5	1.0
450	21	1.0
450	128	1.0
451	17	1.0
451	21	1.0
451	38	1.0
452	453	1.0
454	285	1.0
455	69	1.0
456	457	1.0
456	458	1.0
458	456	1.0
458	457	1.0
459	27	1.0
459	49	1.0
459	142	1.0
459	248	1.0
460	167	1.0
460	328	1.0
461	69	1.0
462	15	1.0
462	91	1.0
463	10	1.0
463	33	1.0
463	38	1.0
463	73	1.0
463	233	1.0
463	264	1.0
464	21	1.0
465	15	1.0
465	17	1.0
465	92	1.0
465	128	1.0
465	307	1.0
466	467	1.0
469	10	1.0
469	422	1.0
470	76	1.0
471	97	1.0
471	176	1.0
471	177	1.0
472	253	1.0
473	6	1.0
473	17	1.0
473	39	1.0
473	80	1.0
473	105	1.0
473	128	1.0
473	299	1.0
474	475	1.0
475	122	1.0
476	21	1.0
476	128	1.0
478	49	1.0
478	143	1.0
479	15	1.0
479	43	1.0
479	92	1.0
479	357	1.0
479	422	1.0
481	395	1.0
482	142	1.0
483	148	1.0
483	164	1.0
483	233	1.0
483	437	1.0
484	477	1.0
485	131	1.0
485	227	1.0
485	437	1.0
486	142	1.0
486	287	1.0
487	100	1.0
488	439	1.0
489	178	1.0
489	490	1.0
489	491	1.0
492	43	1.0
492	76	1.0
492	92	1.0
493	10	1.0
493	33	1.0
494	92	1.0
495	43	1.0
496	15	1.0
498	10	1.0
498	16	1.0
498	54	1.0
498	148	1.0
498	153	1.0
498	233	1.0
498	380	1.0
498	381	1.0
498	437	1.0
498	469	1.0
498	499	1.0
499	233	1.0
500	3074	1.0
500	3253	1.0
501	21	1.0
501	128	1.0
502	381	1.0
503	141	1.0
504	10	1.0
504	505	1.0
505	10	1.0
506	27	1.0
506	42	1.0
507	219	1.0
508	141	1.0
509	255	1.0
510	15	1.0
510	92	1.0
513	15	1.0
513	54	1.0
513	92	1.0
513	120	1.0
514	10	1.0
514	15	1.0
514	92	1.0
514	381	1.0
515	21	1.0
515	54	1.0
515	326	1.0
516	40	1.0
517	125	1.0
518	328	1.0
518	519	1.0
519	52	1.0
520	15	1.0
520	38	1.0
521	475	1.0
524	35	1.0
525	526	1.0
527	6	1.0
527	381	1.0
528	86	1.0
529	65	1.0
530	143	1.0
531	207	1.0
532	91	1.0
532	128	1.0
532	357	1.0
533	35	1.0
534	188	1.0
535	15	1.0
536	537	1.0
539	296	1.0
539	540	1.0
540	80	1.0
541	219	1.0
542	315	1.0
543	356	1.0
544	51	1.0
545	546	1.0
547	12	1.0
548	405	1.0
549	199	1.0
549	321	1.0
550	43	1.0
550	395	1.0
551	230	1.0
552	448	1.0
553	15	1.0
553	100	1.0
553	134	1.0
554	51	1.0
555	131	1.0
555	132	1.0
556	299	1.0
557	15	1.0
558	51	1.0
559	320	1.0
560	15	1.0
560	142	1.0
560	162	1.0
562	27	1.0
562	142	1.0
562	275	1.0
563	512	1.0
564	5	1.0
565	15	1.0
565	76	1.0
565	91	1.0
565	100	1.0
565	131	1.0
565	134	1.0
565	274	1.0
565	307	1.0
566	76	1.0
567	206	1.0
568	80	1.0
568	299	1.0
569	248	1.0
570	12	1.0
571	17	1.0
571	21	1.0
571	38	1.0
572	148	1.0
573	91	1.0
574	128	1.0
575	128	1.0
576	299	1.0
577	15	1.0
577	38	1.0
578	15	1.0
579	27	1.0
579	142	1.0
579	275	1.0
580	92	1.0
580	120	1.0
581	139	1.0
581	360	1.0
582	15	1.0
582	80	1.0
583	21	1.0
584	15	1.0
584	54	1.0
585	120	1.0
586	89	1.0
587	157	1.0
587	511	1.0
588	15	1.0
588	134	1.0
589	10	1.0
590	69	1.0
590	367	1.0
590	461	1.0
591	122	1.0
592	10	1.0
592	422	1.0
593	15	1.0
594	519	1.0
595	122	1.0
596	64	1.0
596	104	1.0
598	399	1.0
599	65	1.0
600	15	1.0
600	395	1.0
601	59	1.0
603	35	1.0
604	27	1.0
604	325	1.0
605	58	1.0
606	167	1.0
607	180	1.0
608	21	1.0
611	128	1.0
611	254	1.0
612	141	1.0
612	537	1.0
613	394	1.0
613	395	1.0
614	15	1.0
614	131	1.0
614	141	1.0
615	15	1.0
615	92	1.0
615	375	1.0
616	285	1.0
617	219	1.0
617	220	1.0
617	618	1.0
618	219	1.0
618	220	1.0
618	526	1.0
619	15	1.0
619	227	1.0
620	95	1.0
622	15	1.0
622	76	1.0
622	92	1.0
622	107	1.0
623	10	1.0
623	42	1.0
623	290	1.0
625	626	1.0
626	307	1.0
626	930	1.0
627	97	1.0
627	177	1.0
628	76	1.0
628	629	1.0
630	80	1.0
630	412	1.0
631	76	1.0
632	43	1.0
632	76	1.0
633	49	1.0
633	128	1.0
633	439	1.0
634	15	1.0
634	40	1.0
634	381	1.0
635	76	1.0
636	76	1.0
637	321	1.0
637	378	1.0
638	386	1.0
639	10	1.0
640	641	1.0
641	128	1.0
641	523	1.0
642	115	1.0
643	41	1.0
644	597	1.0
645	15	1.0
645	43	1.0
645	91	1.0
645	92	1.0
645	357	1.0
645	422	1.0
646	332	1.0
647	378	1.0
647	610	1.0
648	235	1.0
648	236	1.0
649	101	1.0
650	80	1.0
650	122	1.0
651	61	1.0
652	167	1.0
653	4	1.0
653	654	1.0
655	202	1.0
655	285	1.0
656	100	1.0
657	91	1.0
657	128	1.0
657	151	1.0
657	357	1.0
657	422	1.0
658	80	1.0
658	187	1.0
659	167	1.0
659	168	1.0
661	12	1.0
662	76	1.0
663	61	1.0
664	665	1.0
665	902	1.0
666	206	1.0
667	49	1.0
667	50	1.0
667	51	1.0
667	52	1.0
668	27	1.0
669	80	1.0
669	670	1.0
671	43	1.0
672	17	1.0
672	92	1.0
672	128	1.0
672	307	1.0
673	128	1.0
674	675	1.0
676	42	1.0
676	51	1.0
677	678	1.0
678	3099	1.0
679	199	1.0
679	321	1.0
680	395	1.0
681	71	1.0
681	142	1.0
681	439	1.0
682	27	1.0
683	10	1.0
683	42	1.0
683	43	1.0
683	101	1.0
683	146	1.0
683	249	1.0
683	290	1.0
684	15	1.0
685	86	1.0
686	427	1.0
687	235	1.0
687	236	1.0
687	434	1.0
688	198	1.0
688	689	1.0
689	198	1.0
690	10	1.0
690	33	1.0
690	73	1.0
690	101	1.0
691	80	1.0
691	125	1.0
691	333	1.0
692	266	1.0
693	422	1.0
694	65	1.0
695	112	1.0
697	27	1.0
697	142	1.0
697	171	1.0
698	141	1.0
699	5	1.0
700	15	1.0
700	162	1.0
701	17	1.0
702	188	1.0
703	129	1.0
703	353	1.0
704	314	1.0
705	18	1.0
706	139	1.0
707	381	1.0
708	89	1.0
708	709	1.0
708	710	1.0
708	711	1.0
710	843	1.0
710	859	1.0
710	879	1.0
710	880	1.0
712	381	1.0
713	91	1.0
714	131	1.0
714	227	1.0
714	437	1.0
715	139	1.0
716	209	1.0
717	27	1.0
717	74	1.0
717	142	1.0
718	128	1.0
719	15	1.0
719	131	1.0
720	219	1.0
720	220	1.0
720	526	1.0
721	609	1.0
722	76	1.0
723	715	1.0
724	561	1.0
725	15	1.0
725	33	1.0
726	23	1.0
726	120	1.0
727	122	1.0
728	171	1.0
728	185	1.0
729	395	1.0
730	42	1.0
731	621	1.0
732	448	1.0
733	624	1.0
734	15	1.0
734	46	1.0
734	65	1.0
734	142	1.0
734	275	1.0
735	128	1.0
735	523	1.0
736	364	1.0
737	128	1.0
738	164	1.0
739	61	1.0
740	180	1.0
741	386	1.0
742	18	1.0
743	112	1.0
744	122	1.0
745	27	1.0
745	46	1.0
745	65	1.0
745	142	1.0
745	275	1.0
746	15	1.0
747	176	1.0
747	177	1.0
748	602	1.0
749	171	1.0
749	185	1.0
750	76	1.0
750	209	1.0
751	582	1.0
752	281	1.0
752	321	1.0
752	549	1.0
753	15	1.0
753	76	1.0
753	208	1.0
754	167	1.0
755	554	1.0
757	108	1.0
758	188	1.0
759	139	1.0
760	139	1.0
761	511	1.0
762	12	1.0
762	15	1.0
763	6	1.0
764	15	1.0
764	65	1.0
765	299	1.0
766	15	1.0
767	696	1.0
768	43	1.0
768	395	1.0
769	80	1.0
770	128	1.0
771	332	1.0
772	15	1.0
773	12	1.0
774	10	1.0
774	33	1.0
774	264	1.0
774	610	1.0
775	6	1.0
775	80	1.0
776	437	1.0
777	35	1.0
777	533	1.0
778	76	1.0
778	91	1.0
779	46	1.0
780	512	1.0
781	287	1.0
782	10	1.0
782	116	1.0
782	290	1.0
783	678	1.0
783	784	1.0
785	599	1.0
786	20	1.0
786	43	1.0
786	128	1.0
786	621	1.0
787	139	1.0
788	17	1.0
788	33	1.0
789	97	1.0
790	791	1.0
792	202	1.0
793	10	1.0
793	15	1.0
793	148	1.0
793	290	1.0
793	381	1.0
793	395	1.0
794	101	1.0
794	547	1.0
795	148	1.0
795	164	1.0
795	233	1.0
795	437	1.0
796	122	1.0
797	80	1.0
798	285	1.0
799	129	1.0
799	339	1.0
800	15	1.0
800	38	1.0
801	80	1.0
802	89	1.0
802	298	1.0
803	31	1.0
803	43	1.0
803	76	1.0
804	260	1.0
805	386	1.0
806	91	1.0
807	10	1.0
807	65	1.0
807	318	1.0
807	549	1.0
808	15	1.0
808	17	1.0
809	13	1.0
809	388	1.0
809	810	1.0
809	811	1.0
810	971	1.0
812	387	1.0
813	814	1.0
813	815	1.0
813	816	1.0
813	817	1.0
813	818	1.0
814	839	1.0
817	839	1.0
818	1121	1.0
820	195	1.0
820	821	1.0
821	195	1.0
822	823	1.0
824	825	1.0
824	826	1.0
825	849	1.0
825	1331	1.0
826	825	1.0
827	15	1.0
827	92	1.0
828	829	1.0
828	830	1.0
829	956	1.0
830	832	1.0
830	1123	1.0
831	830	1.0
831	832	1.0
833	834	1.0
833	835	1.0
835	665	1.0
835	834	1.0
836	665	1.0
836	819	1.0
836	825	1.0
836	837	1.0
837	665	1.0
837	819	1.0
837	825	1.0
838	839	1.0
840	353	1.0
841	842	1.0
841	843	1.0
841	844	1.0
843	842	1.0
843	844	1.0
843	859	1.0
843	880	1.0
844	842	1.0
845	846	1.0
846	711	1.0
847	665	1.0
847	848	1.0
847	849	1.0
850	307	1.0
851	852	1.0
851	853	1.0
851	854	1.0
853	854	1.0
853	1176	1.0
855	856	1.0
855	857	1.0
855	858	1.0
855	859	1.0
855	860	1.0
856	831	1.0
856	857	1.0
858	843	1.0
858	859	1.0
858	860	1.0
858	880	1.0
859	831	1.0
859	842	1.0
859	844	1.0
859	928	1.0
859	1046	1.0
860	842	1.0
860	844	1.0
860	859	1.0
860	880	1.0
861	862	1.0
863	864	1.0
863	865	1.0
864	909	1.0
864	924	1.0
864	1018	1.0
865	353	1.0
865	864	1.0
865	924	1.0
865	984	1.0
865	1005	1.0
865	1195	1.0
866	867	1.0
869	870	1.0
871	872	1.0
873	874	1.0
875	876	1.0
876	1014	1.0
876	1015	1.0
877	867	1.0
878	843	1.0
878	859	1.0
878	879	1.0
878	880	1.0
880	842	1.0
880	843	1.0
880	844	1.0
881	821	1.0
882	856	1.0
882	857	1.0
882	858	1.0
882	859	1.0
882	860	1.0
883	860	1.0
883	884	1.0
883	885	1.0
883	886	1.0
887	888	1.0
889	848	1.0
890	831	1.0
891	860	1.0
892	852	1.0
892	893	1.0
892	894	1.0
893	1752	1.0
894	839	1.0
894	876	1.0
895	821	1.0
897	665	1.0
898	899	1.0
900	901	1.0
903	817	1.0
903	904	1.0
905	906	1.0
906	353	1.0
906	909	1.0
906	1085	1.0
907	665	1.0
907	902	1.0
908	844	1.0
908	909	1.0
909	842	1.0
909	924	1.0
910	195	1.0
910	353	1.0
910	911	1.0
911	1245	1.0
912	913	1.0
914	842	1.0
914	859	1.0
915	844	1.0
915	916	1.0
915	917	1.0
915	918	1.0
917	1117	1.0
918	844	1.0
919	920	1.0
921	842	1.0
921	844	1.0
921	922	1.0
921	923	1.0
921	924	1.0
922	842	1.0
922	854	1.0
922	923	1.0
923	842	1.0
923	854	1.0
924	711	1.0
924	842	1.0
925	839	1.0
925	926	1.0
925	927	1.0
925	928	1.0
925	929	1.0
925	930	1.0
925	931	1.0
926	497	1.0
926	839	1.0
926	931	1.0
928	927	1.0
929	839	1.0
929	926	1.0
929	928	1.0
929	930	1.0
929	931	1.0
930	1261	1.0
931	951	1.0
931	988	1.0
932	933	1.0
933	848	1.0
934	935	1.0
934	936	1.0
934	937	1.0
934	938	1.0
936	1015	1.0
937	1024	1.0
937	1062	1.0
938	894	1.0
938	936	1.0
938	937	1.0
938	1104	1.0
938	1153	1.0
938	1178	1.0
938	1180	1.0
938	1362	1.0
939	940	1.0
940	852	1.0
940	894	1.0
941	942	1.0
943	944	1.0
945	791	1.0
945	825	1.0
946	831	1.0
946	856	1.0
946	947	1.0
946	948	1.0
947	831	1.0
947	1159	1.0
948	831	1.0
948	947	1.0
949	195	1.0
950	831	1.0
950	947	1.0
950	948	1.0
952	953	1.0
954	353	1.0
955	956	1.0
957	854	1.0
957	958	1.0
958	852	1.0
958	854	1.0
959	839	1.0
959	876	1.0
960	873	1.0
961	962	1.0
963	884	1.0
963	886	1.0
964	965	1.0
964	966	1.0
964	967	1.0
965	966	1.0
966	965	1.0
967	966	1.0
968	756	1.0
969	848	1.0
970	971	1.0
972	903	1.0
973	821	1.0
973	948	1.0
974	975	1.0
976	977	1.0
980	981	1.0
980	982	1.0
983	861	1.0
983	862	1.0
984	711	1.0
985	839	1.0
985	986	1.0
985	987	1.0
986	1284	1.0
987	854	1.0
989	300	1.0
991	977	1.0
992	936	1.0
992	993	1.0
993	300	1.0
993	711	1.0
993	831	1.0
993	856	1.0
993	936	1.0
993	1067	1.0
994	995	1.0
996	167	1.0
998	999	1.0
999	818	1.0
999	839	1.0
999	986	1.0
999	987	1.0
1000	884	1.0
1001	842	1.0
1001	904	1.0
1001	938	1.0
1001	1002	1.0
1002	842	1.0
1002	904	1.0
1002	938	1.0
1002	1001	1.0
1002	1387	1.0
1003	975	1.0
1004	927	1.0
1004	1005	1.0
1005	1085	1.0
1005	1261	1.0
1006	902	1.0
1007	1008	1.0
1009	844	1.0
1009	1010	1.0
1009	1011	1.0
1009	1012	1.0
1010	821	1.0
1010	844	1.0
1010	1020	1.0
1011	711	1.0
1011	844	1.0
1011	909	1.0
1011	924	1.0
1012	844	1.0
1012	859	1.0
1012	909	1.0
1012	1086	1.0
1012	1209	1.0
1013	1014	1.0
1013	1015	1.0
1015	839	1.0
1015	904	1.0
1016	825	1.0
1017	711	1.0
1017	842	1.0
1017	896	1.0
1017	909	1.0
1017	924	1.0
1017	1018	1.0
1018	924	1.0
1019	844	1.0
1019	864	1.0
1019	906	1.0
1019	1020	1.0
1020	864	1.0
1020	909	1.0
1020	1012	1.0
1020	1033	1.0
1021	710	1.0
1021	860	1.0
1022	859	1.0
1022	860	1.0
1023	1024	1.0
1024	894	1.0
1025	844	1.0
1025	859	1.0
1025	1026	1.0
1026	842	1.0
1027	839	1.0
1027	876	1.0
1028	842	1.0
1028	924	1.0
1029	1030	1.0
1031	832	1.0
1032	844	1.0
1032	864	1.0
1032	915	1.0
1032	1010	1.0
1032	1011	1.0
1032	1012	1.0
1032	1020	1.0
1032	1026	1.0
1032	1033	1.0
1033	844	1.0
1034	300	1.0
1034	307	1.0
1035	1031	1.0
1036	844	1.0
1036	858	1.0
1036	859	1.0
1036	860	1.0
1037	995	1.0
1037	1008	1.0
1038	665	1.0
1039	825	1.0
1039	826	1.0
1040	1041	1.0
1042	497	1.0
1042	839	1.0
1042	931	1.0
1043	831	1.0
1043	844	1.0
1043	856	1.0
1043	859	1.0
1043	860	1.0
1045	842	1.0
1045	1046	1.0
1046	842	1.0
1048	665	1.0
1048	834	1.0
1049	894	1.0
1050	913	1.0
1050	1051	1.0
1050	1052	1.0
1052	1051	1.0
1053	821	1.0
1054	984	1.0
1055	832	1.0
1057	665	1.0
1057	825	1.0
1058	15	1.0
1058	43	1.0
1059	997	1.0
1061	271	1.0
1063	300	1.0
1063	1064	1.0
1064	300	1.0
1064	711	1.0
1065	935	1.0
1065	1066	1.0
1065	1067	1.0
1066	300	1.0
1066	842	1.0
1066	924	1.0
1066	935	1.0
1066	1104	1.0
1067	300	1.0
1067	935	1.0
1067	936	1.0
1067	1015	1.0
1068	815	1.0
1068	817	1.0
1069	1070	1.0
1069	1071	1.0
1070	852	1.0
1070	903	1.0
1070	942	1.0
1070	999	1.0
1072	846	1.0
1073	710	1.0
1073	859	1.0
1074	988	1.0
1075	353	1.0
1075	864	1.0
1075	1005	1.0
1076	844	1.0
1076	859	1.0
1077	1078	1.0
1079	956	1.0
1080	823	1.0
1081	300	1.0
1081	1044	1.0
1082	1083	1.0
1084	909	1.0
1084	1085	1.0
1086	1011	1.0
1087	300	1.0
1088	353	1.0
1088	865	1.0
1088	1005	1.0
1089	879	1.0
1089	1090	1.0
1090	1101	1.0
1091	300	1.0
1092	1082	1.0
1092	1083	1.0
1094	1051	1.0
1094	1095	1.0
1095	1051	1.0
1096	29	1.0
1096	255	1.0
1098	844	1.0
1098	1012	1.0
1098	1020	1.0
1098	1099	1.0
1099	844	1.0
1102	835	1.0
1103	256	1.0
1103	825	1.0
1103	873	1.0
1103	989	1.0
1103	1008	1.0
1103	1062	1.0
1103	1104	1.0
1103	1105	1.0
1103	1106	1.0
1106	300	1.0
1106	825	1.0
1106	1161	1.0
1107	884	1.0
1108	873	1.0
1109	300	1.0
1109	842	1.0
1109	924	1.0
1109	935	1.0
1109	1104	1.0
1110	1087	1.0
1111	1112	1.0
1112	300	1.0
1113	832	1.0
1113	1114	1.0
1115	920	1.0
1118	935	1.0
1119	904	1.0
1120	1121	1.0
1122	1031	1.0
1122	1123	1.0
1122	1124	1.0
1125	823	1.0
1125	938	1.0
1125	989	1.0
1125	1126	1.0
1125	1127	1.0
1127	823	1.0
1127	938	1.0
1128	849	1.0
1129	1051	1.0
1130	300	1.0
1130	711	1.0
1130	856	1.0
1130	936	1.0
1130	1067	1.0
1132	844	1.0
1133	1078	1.0
1134	195	1.0
1134	1114	1.0
1134	1135	1.0
1136	825	1.0
1136	1024	1.0
1136	1105	1.0
1137	842	1.0
1137	844	1.0
1137	859	1.0
1137	924	1.0
1138	864	1.0
1138	865	1.0
1138	948	1.0
1139	839	1.0
1140	1011	1.0
1141	864	1.0
1141	1142	1.0
1142	1150	1.0
1143	927	1.0
1143	1144	1.0
1145	300	1.0
1145	711	1.0
1145	856	1.0
1145	936	1.0
1145	1067	1.0
1146	842	1.0
1146	844	1.0
1146	1026	1.0
1147	1148	1.0
1149	852	1.0
1149	893	1.0
1149	894	1.0
1151	195	1.0
1152	831	1.0
1152	842	1.0
1152	844	1.0
1152	928	1.0
1152	1046	1.0
1153	1131	1.0
1154	873	1.0
1154	975	1.0
1155	824	1.0
1155	1062	1.0
1156	1117	1.0
1157	832	1.0
1158	831	1.0
1158	1159	1.0
1160	870	1.0
1161	825	1.0
1162	956	1.0
1163	984	1.0
1163	1164	1.0
1165	831	1.0
1165	947	1.0
1166	1112	1.0
1167	844	1.0
1167	1168	1.0
1168	1124	1.0
1169	832	1.0
1170	842	1.0
1170	844	1.0
1170	859	1.0
1170	880	1.0
1171	894	1.0
1172	1093	1.0
1172	1173	1.0
1174	988	1.0
1175	823	1.0
1176	854	1.0
1177	844	1.0
1177	856	1.0
1177	880	1.0
1178	854	1.0
1178	969	1.0
1178	1087	1.0
1178	1179	1.0
1179	1121	1.0
1180	825	1.0
1180	1105	1.0
1180	1118	1.0
1181	844	1.0
1181	859	1.0
1181	924	1.0
1181	1097	1.0
1182	942	1.0
1183	985	1.0
1183	1184	1.0
1185	997	1.0
1186	1187	1.0
1186	1188	1.0
1188	835	1.0
1189	823	1.0
1190	497	1.0
1191	823	1.0
1191	938	1.0
1192	1187	1.0
1192	1188	1.0
1193	1051	1.0
1193	1095	1.0
1194	842	1.0
1194	924	1.0
1196	978	1.0
1196	1197	1.0
1196	1198	1.0
1199	844	1.0
1199	859	1.0
1200	1201	1.0
1201	300	1.0
1202	756	1.0
1202	968	1.0
1203	927	1.0
1204	353	1.0
1204	865	1.0
1204	1097	1.0
1204	1205	1.0
1205	865	1.0
1205	1097	1.0
1205	1142	1.0
1206	984	1.0
1207	1117	1.0
1208	852	1.0
1208	854	1.0
1209	1011	1.0
1211	1121	1.0
1212	1121	1.0
1213	873	1.0
1214	1082	1.0
1214	1083	1.0
1215	842	1.0
1215	844	1.0
1215	859	1.0
1215	880	1.0
1216	852	1.0
1217	1093	1.0
1217	1173	1.0
1218	831	1.0
1218	947	1.0
1219	1220	1.0
1221	988	1.0
1222	894	1.0
1223	844	1.0
1223	1011	1.0
1223	1224	1.0
1224	1124	1.0
1224	1604	1.0
1225	852	1.0
1225	893	1.0
1225	894	1.0
1226	710	1.0
1226	859	1.0
1226	860	1.0
1226	1227	1.0
1227	831	1.0
1227	842	1.0
1227	844	1.0
1227	856	1.0
1227	859	1.0
1227	860	1.0
1227	880	1.0
1227	928	1.0
1228	1229	1.0
1229	256	1.0
1230	823	1.0
1231	665	1.0
1231	1173	1.0
1232	1062	1.0
1232	1180	1.0
1233	936	1.0
1233	993	1.0
1234	195	1.0
1234	821	1.0
1235	353	1.0
1235	1236	1.0
1236	195	1.0
1237	933	1.0
1238	848	1.0
1239	873	1.0
1240	864	1.0
1240	1097	1.0
1241	497	1.0
1241	839	1.0
1241	926	1.0
1241	931	1.0
1242	834	1.0
1243	1116	1.0
1244	909	1.0
1244	1085	1.0
1246	901	1.0
1246	1178	1.0
1246	1247	1.0
1246	1248	1.0
1246	1249	1.0
1247	832	1.0
1248	1015	1.0
1249	901	1.0
1250	300	1.0
1251	711	1.0
1252	1085	1.0
1254	1255	1.0
1256	665	1.0
1256	1257	1.0
1257	665	1.0
1258	815	1.0
1258	1210	1.0
1259	1097	1.0
1260	1085	1.0
1260	1261	1.0
1261	839	1.0
1261	1085	1.0
1262	1236	1.0
1263	195	1.0
1263	353	1.0
1263	864	1.0
1263	865	1.0
1263	924	1.0
1263	984	1.0
1263	1005	1.0
1263	1085	1.0
1264	790	1.0
1264	1007	1.0
1264	1008	1.0
1264	1265	1.0
1264	1266	1.0
1265	842	1.0
1265	924	1.0
1266	790	1.0
1266	791	1.0
1266	930	1.0
1266	990	1.0
1266	1265	1.0
1267	825	1.0
1267	894	1.0
1267	1104	1.0
1267	1268	1.0
1269	906	1.0
1270	1051	1.0
1271	367	1.0
1272	886	1.0
1272	963	1.0
1272	1107	1.0
1273	1205	1.0
1273	1274	1.0
1275	715	1.0
1276	353	1.0
1276	864	1.0
1277	1278	1.0
1278	931	1.0
1278	1221	1.0
1279	1024	1.0
1279	1062	1.0
1279	1180	1.0
1281	839	1.0
1283	1284	1.0
1285	933	1.0
1286	823	1.0
1286	938	1.0
1286	989	1.0
1286	1126	1.0
1286	1127	1.0
1287	832	1.0
1288	522	1.0
1289	820	1.0
1290	626	1.0
1291	844	1.0
1291	859	1.0
1292	665	1.0
1293	854	1.0
1294	831	1.0
1294	856	1.0
1294	857	1.0
1295	710	1.0
1295	860	1.0
1296	982	1.0
1296	1297	1.0
1297	982	1.0
1298	844	1.0
1298	924	1.0
1298	974	1.0
1300	830	1.0
1301	829	1.0
1302	926	1.0
1302	927	1.0
1302	928	1.0
1302	930	1.0
1303	1227	1.0
1304	856	1.0
1304	948	1.0
1304	993	1.0
1304	1294	1.0
1304	1305	1.0
1305	904	1.0
1306	844	1.0
1306	909	1.0
1306	924	1.0
1307	195	1.0
1307	1005	1.0
1307	1085	1.0
1308	1121	1.0
1309	1310	1.0
1311	852	1.0
1311	853	1.0
1311	854	1.0
1312	1093	1.0
1313	935	1.0
1313	936	1.0
1314	1245	1.0
1314	1315	1.0
1316	497	1.0
1317	1318	1.0
1318	29	1.0
1318	255	1.0
1318	928	1.0
1319	353	1.0
1320	665	1.0
1320	1321	1.0
1320	1322	1.0
1322	195	1.0
1322	821	1.0
1326	880	1.0
1326	1029	1.0
1327	195	1.0
1328	497	1.0
1329	864	1.0
1329	865	1.0
1329	1142	1.0
1330	300	1.0
1331	839	1.0
1332	1255	1.0
1333	300	1.0
1333	711	1.0
1333	831	1.0
1333	936	1.0
1333	1067	1.0
1334	825	1.0
1335	821	1.0
1335	924	1.0
1335	984	1.0
1335	1336	1.0
1335	1337	1.0
1336	497	1.0
1336	711	1.0
1336	842	1.0
1336	844	1.0
1336	865	1.0
1336	924	1.0
1336	984	1.0
1337	497	1.0
1338	839	1.0
1338	876	1.0
1339	832	1.0
1340	911	1.0
1340	1315	1.0
1341	844	1.0
1341	1011	1.0
1341	1209	1.0
1342	844	1.0
1342	864	1.0
1342	915	1.0
1342	1010	1.0
1342	1011	1.0
1342	1012	1.0
1342	1020	1.0
1342	1026	1.0
1342	1033	1.0
1343	1344	1.0
1345	902	1.0
1346	300	1.0
1346	1347	1.0
1347	825	1.0
1347	1053	1.0
1347	1331	1.0
1348	195	1.0
1348	1005	1.0
1348	1085	1.0
1349	844	1.0
1350	904	1.0
1350	1305	1.0
1351	844	1.0
1351	860	1.0
1351	928	1.0
1351	1227	1.0
1352	831	1.0
1353	829	1.0
1353	956	1.0
1354	927	1.0
1354	930	1.0
1354	931	1.0
1354	984	1.0
1355	977	1.0
1355	1221	1.0
1356	1261	1.0
1357	1332	1.0
1358	831	1.0
1358	842	1.0
1358	844	1.0
1358	859	1.0
1358	860	1.0
1358	880	1.0
1359	665	1.0
1360	842	1.0
1360	844	1.0
1360	859	1.0
1360	924	1.0
1361	821	1.0
1362	1331	1.0
1363	852	1.0
1363	893	1.0
1363	894	1.0
1364	1365	1.0
1365	1101	1.0
1366	936	1.0
1367	1344	1.0
1368	864	1.0
1368	865	1.0
1369	864	1.0
1369	924	1.0
1369	1142	1.0
1369	1370	1.0
1370	711	1.0
1370	924	1.0
1372	831	1.0
1372	842	1.0
1372	844	1.0
1372	856	1.0
1372	859	1.0
1372	880	1.0
1372	928	1.0
1373	665	1.0
1374	1011	1.0
1375	839	1.0
1375	1014	1.0
1375	1015	1.0
1376	924	1.0
1377	864	1.0
1377	865	1.0
1378	1260	1.0
1379	844	1.0
1379	859	1.0
1379	860	1.0
1379	1227	1.0
1380	1381	1.0
1381	844	1.0
1381	856	1.0
1381	922	1.0
1381	1227	1.0
1381	1390	1.0
1382	1121	1.0
1384	834	1.0
1384	835	1.0
1384	1385	1.0
1385	834	1.0
1386	842	1.0
1386	843	1.0
1386	844	1.0
1387	791	1.0
1387	1084	1.0
1387	1144	1.0
1388	353	1.0
1388	864	1.0
1388	1005	1.0
1389	353	1.0
1389	909	1.0
1389	1085	1.0
1390	710	1.0
1390	831	1.0
1390	842	1.0
1390	844	1.0
1390	856	1.0
1390	857	1.0
1390	858	1.0
1390	859	1.0
1390	860	1.0
1390	922	1.0
1390	928	1.0
1390	947	1.0
1390	948	1.0
1390	1031	1.0
1390	1165	1.0
1390	1227	1.0
1390	1351	1.0
1391	894	1.0
1392	844	1.0
1393	1261	1.0
1394	829	1.0
1395	195	1.0
1396	652	1.0
1397	1398	1.0
1399	979	1.0
1400	832	1.0
1402	844	1.0
1403	665	1.0
1403	825	1.0
1403	897	1.0
1404	1261	1.0
1405	844	1.0
1406	951	1.0
1406	988	1.0
1407	1031	1.0
1408	876	1.0
1409	1280	1.0
1410	1121	1.0
1411	711	1.0
1411	842	1.0
1412	1031	1.0
1412	1407	1.0
1413	300	1.0
1414	1323	1.0
1415	271	1.0
1416	839	1.0
1416	876	1.0
1417	711	1.0
1418	831	1.0
1418	947	1.0
1419	904	1.0
1420	844	1.0
1420	858	1.0
1420	860	1.0
1421	896	1.0
1422	831	1.0
1423	1100	1.0
1424	872	1.0
1425	831	1.0
1426	844	1.0
1426	864	1.0
1426	865	1.0
1426	948	1.0
1426	1354	1.0
1426	1427	1.0
1427	1046	1.0
1428	842	1.0
1428	859	1.0
1428	860	1.0
1428	1227	1.0
1429	848	1.0
1430	1131	1.0
1431	300	1.0
1431	1015	1.0
1431	1432	1.0
1433	894	1.0
1433	936	1.0
1433	1104	1.0
1433	1153	1.0
1433	1178	1.0
1433	1180	1.0
1433	1362	1.0
1434	842	1.0
1434	844	1.0
1434	859	1.0
1434	880	1.0
1435	1090	1.0
1436	300	1.0
1436	1201	1.0
1437	1083	1.0
1438	933	1.0
1439	844	1.0
1439	864	1.0
1439	909	1.0
1439	924	1.0
1439	948	1.0
1439	1383	1.0
1440	843	1.0
1440	859	1.0
1440	860	1.0
1440	880	1.0
1440	1227	1.0
1441	821	1.0
1441	844	1.0
1441	1012	1.0
1441	1020	1.0
1441	1026	1.0
1441	1032	1.0
1441	1099	1.0
1442	839	1.0
1442	986	1.0
1442	987	1.0
1443	256	1.0
1444	1299	1.0
1445	711	1.0
1445	842	1.0
1445	909	1.0
1445	924	1.0
1445	1018	1.0
1446	307	1.0
1447	1448	1.0
1448	1634	1.0
1449	825	1.0
1449	1121	1.0
1450	1014	1.0
1450	1015	1.0
1451	1452	1.0
1451	1453	1.0
1451	1454	1.0
1452	1453	1.0
1452	2241	1.0
1454	1451	1.0
1455	844	1.0
1456	52	1.0
1457	195	1.0
1457	665	1.0
1458	931	1.0
1458	988	1.0
1458	1221	1.0
1459	830	1.0
1459	1131	1.0
1460	839	1.0
1461	975	1.0
1462	962	1.0
1462	1282	1.0
1463	839	1.0
1463	1031	1.0
1463	1144	1.0
1463	1261	1.0
1464	1051	1.0
1465	1365	1.0
1466	167	1.0
1467	711	1.0
1467	844	1.0
1468	821	1.0
1468	1469	1.0
1468	1470	1.0
1471	626	1.0
1472	844	1.0
1472	856	1.0
1472	880	1.0
1473	1015	1.0
1474	823	1.0
1475	825	1.0
1476	665	1.0
1477	849	1.0
1477	1331	1.0
1478	1479	1.0
1480	195	1.0
1481	43	1.0
1482	1060	1.0
1482	1322	1.0
1483	913	1.0
1484	1485	1.0
1484	1486	1.0
1486	1485	1.0
1487	353	1.0
1487	865	1.0
1487	909	1.0
1487	1085	1.0
1487	1150	1.0
1488	1489	1.0
1488	1490	1.0
1491	791	1.0
1491	1492	1.0
1493	665	1.0
1493	1060	1.0
1494	844	1.0
1495	1121	1.0
1496	1090	1.0
1497	1184	1.0
1497	1498	1.0
1498	1184	1.0
1498	1577	1.0
1499	846	1.0
1499	1383	1.0
1500	1187	1.0
1500	1188	1.0
1501	1253	1.0
1501	1323	1.0
1502	497	1.0
1502	839	1.0
1502	931	1.0
1503	859	1.0
1503	860	1.0
1503	1227	1.0
1503	1379	1.0
1503	1381	1.0
1503	1390	1.0
1503	1504	1.0
1504	843	1.0
1504	859	1.0
1504	860	1.0
1504	880	1.0
1504	1227	1.0
1505	825	1.0
1505	894	1.0
1505	1104	1.0
1505	1268	1.0
1507	844	1.0
1507	924	1.0
1507	936	1.0
1508	839	1.0
1508	842	1.0
1508	854	1.0
1508	923	1.0
1508	1460	1.0
1509	849	1.0
1509	1331	1.0
1510	831	1.0
1510	947	1.0
1510	948	1.0
1511	1060	1.0
1511	1322	1.0
1512	815	1.0
1512	930	1.0
1512	1114	1.0
1513	300	1.0
1514	942	1.0
1515	1056	1.0
1516	860	1.0
1517	864	1.0
1517	1011	1.0
1517	1012	1.0
1518	844	1.0
1518	858	1.0
1518	859	1.0
1518	860	1.0
1519	864	1.0
1519	1142	1.0
1520	984	1.0
1521	995	1.0
1522	876	1.0
1523	839	1.0
1523	894	1.0
1523	904	1.0
1523	1015	1.0
1524	844	1.0
1525	1245	1.0
1525	1315	1.0
1526	825	1.0
1527	953	1.0
1528	842	1.0
1528	843	1.0
1528	844	1.0
1529	848	1.0
1530	936	1.0
1530	1044	1.0
1530	1081	1.0
1530	1479	1.0
1530	1531	1.0
1530	1532	1.0
1531	1044	1.0
1532	830	1.0
1532	1044	1.0
1532	1479	1.0
1533	899	1.0
1533	1121	1.0
1534	168	1.0
1535	931	1.0
1535	988	1.0
1535	1221	1.0
1536	902	1.0
1537	1538	1.0
1539	353	1.0
1539	864	1.0
1539	865	1.0
1539	924	1.0
1539	984	1.0
1539	1005	1.0
1539	1085	1.0
1540	1008	1.0
1541	831	1.0
1541	842	1.0
1541	844	1.0
1541	928	1.0
1541	947	1.0
1541	1046	1.0
1542	815	1.0
1542	930	1.0
1543	971	1.0
1544	256	1.0
1545	842	1.0
1546	307	1.0
1547	842	1.0
1547	844	1.0
1547	859	1.0
1547	928	1.0
1547	1227	1.0
1548	842	1.0
1549	860	1.0
1550	832	1.0
1551	1060	1.0
1551	1322	1.0
1552	1168	1.0
1552	1332	1.0
1552	1398	1.0
1553	300	1.0
1553	842	1.0
1553	922	1.0
1553	1011	1.0
1554	936	1.0
1555	1401	1.0
1556	1084	1.0
1557	1082	1.0
1557	1083	1.0
1558	756	1.0
1559	711	1.0
1559	842	1.0
1559	1018	1.0
1560	104	1.0
1560	526	1.0
1560	968	1.0
1560	1561	1.0
1561	526	1.0
1562	968	1.0
1563	864	1.0
1563	865	1.0
1563	1142	1.0
1564	859	1.0
1564	880	1.0
1565	711	1.0
1566	937	1.0
1566	1024	1.0
1566	1180	1.0
1567	1031	1.0
1568	1569	1.0
1570	1024	1.0
1570	1062	1.0
1571	958	1.0
1572	665	1.0
1572	924	1.0
1573	829	1.0
1574	1324	1.0
1575	839	1.0
1575	876	1.0
1576	1093	1.0
1577	1401	1.0
1578	818	1.0
1578	825	1.0
1578	1161	1.0
1579	1229	1.0
1580	195	1.0
1581	1506	1.0
1582	856	1.0
1583	971	1.0
1584	1581	1.0
1585	844	1.0
1585	1327	1.0
1586	842	1.0
1586	844	1.0
1586	859	1.0
1586	909	1.0
1586	918	1.0
1586	924	1.0
1586	947	1.0
1586	948	1.0
1586	1142	1.0
1586	1165	1.0
1586	1236	1.0
1586	1255	1.0
1587	902	1.0
1588	844	1.0
1588	997	1.0
1588	1371	1.0
1589	1083	1.0
1590	854	1.0
1591	885	1.0
1592	1261	1.0
1593	195	1.0
1593	821	1.0
1594	971	1.0
1595	1093	1.0
1596	1121	1.0
1597	821	1.0
1598	856	1.0
1598	880	1.0
1599	953	1.0
1599	1116	1.0
1600	821	1.0
1601	831	1.0
1601	856	1.0
1601	947	1.0
1601	948	1.0
1602	864	1.0
1603	1331	1.0
1605	842	1.0
1605	858	1.0
1605	859	1.0
1605	1165	1.0
1605	1351	1.0
1605	1360	1.0
1605	1379	1.0
1605	1554	1.0
1606	1479	1.0
1607	300	1.0
1607	894	1.0
1607	1608	1.0
1609	874	1.0
1610	849	1.0
1610	1331	1.0
1611	844	1.0
1611	859	1.0
1611	909	1.0
1611	1012	1.0
1612	868	1.0
1613	816	1.0
1614	353	1.0
1614	909	1.0
1614	1085	1.0
1615	953	1.0
1615	1116	1.0
1616	1187	1.0
1616	1188	1.0
1617	626	1.0
1618	901	1.0
1619	825	1.0
1619	826	1.0
1619	1178	1.0
1619	1526	1.0
1620	665	1.0
1621	832	1.0
1622	830	1.0
1622	832	1.0
1623	821	1.0
1623	906	1.0
1623	1085	1.0
1624	1625	1.0
1626	1325	1.0
1627	821	1.0
1628	842	1.0
1628	844	1.0
1628	859	1.0
1628	880	1.0
1629	864	1.0
1630	1168	1.0
1630	1224	1.0
1631	884	1.0
1632	665	1.0
1633	195	1.0
1635	353	1.0
1635	791	1.0
1635	990	1.0
1635	1005	1.0
1635	1387	1.0
1636	876	1.0
1637	825	1.0
1638	873	1.0
1639	307	1.0
1640	125	1.0
1641	76	1.0
1641	91	1.0
1642	1479	1.0
1643	1083	1.0
1644	1150	1.0
1645	965	1.0
1645	967	1.0
1646	40	1.0
1647	709	1.0
1647	842	1.0
1648	920	1.0
1649	1117	1.0
1650	1577	1.0
1651	1183	1.0
1651	1184	1.0
1652	1150	1.0
1653	1261	1.0
1654	825	1.0
1655	984	1.0
1656	1178	1.0
1657	711	1.0
1658	920	1.0
1659	814	1.0
1659	815	1.0
1659	816	1.0
1659	817	1.0
1659	818	1.0
1660	195	1.0
1660	1005	1.0
1660	1085	1.0
1661	844	1.0
1662	1663	1.0
1663	1743	1.0
1664	893	1.0
1664	1665	1.0
1664	1666	1.0
1665	893	1.0
1666	893	1.0
1666	1665	1.0
1667	1668	1.0
1667	1669	1.0
1668	1669	1.0
1670	1671	1.0
1672	1673	1.0
1674	1671	1.0
1674	1675	1.0
1674	1676	1.0
1675	1797	1.0
1675	1860	1.0
1677	1678	1.0
1679	911	1.0
1680	1681	1.0
1682	1683	1.0
1684	893	1.0
1684	1665	1.0
1684	1666	1.0
1685	1686	1.0
1687	1688	1.0
1687	1689	1.0
1688	1743	1.0
1689	1874	1.0
1691	1688	1.0
1692	1693	1.0
1694	1695	1.0
1696	1697	1.0
1698	1699	1.0
1700	1701	1.0
1702	1703	1.0
1704	1705	1.0
1704	1706	1.0
1706	1705	1.0
1707	1708	1.0
1709	1710	1.0
1710	1688	1.0
1711	1712	1.0
1714	1715	1.0
1715	1689	1.0
1715	1746	1.0
1716	1717	1.0
1718	1719	1.0
1719	1669	1.0
1720	1721	1.0
1722	1723	1.0
1723	526	1.0
1724	1725	1.0
1724	1726	1.0
1726	1776	1.0
1727	1728	1.0
1729	1730	1.0
1731	1732	1.0
1733	1734	1.0
1735	1675	1.0
1738	1739	1.0
1740	1741	1.0
1742	1743	1.0
1744	1686	1.0
1745	1746	1.0
1747	1678	1.0
1747	1748	1.0
1750	1751	1.0
1751	1787	1.0
1752	893	1.0
1753	1754	1.0
1755	1448	1.0
1757	1758	1.0
1759	1689	1.0
1759	1713	1.0
1760	1761	1.0
1760	1762	1.0
1762	1822	1.0
1763	1712	1.0
1764	1765	1.0
1766	1694	1.0
1766	1695	1.0
1767	1768	1.0
1769	1712	1.0
1770	1743	1.0
1771	1712	1.0
1772	1671	1.0
1772	1773	1.0
1773	1695	1.0
1774	1712	1.0
1775	1776	1.0
1778	1706	1.0
1778	1779	1.0
1780	1743	1.0
1781	1782	1.0
1782	1857	1.0
1783	1784	1.0
1785	1743	1.0
1786	1669	1.0
1788	1782	1.0
1789	1344	1.0
1790	1791	1.0
1792	1793	1.0
1793	1689	1.0
1794	1795	1.0
1794	1796	1.0
1794	1797	1.0
1795	1675	1.0
1798	1787	1.0
1798	1799	1.0
1799	1787	1.0
1800	1712	1.0
1802	1712	1.0
1803	1730	1.0
1804	1805	1.0
1807	1777	1.0
1807	1808	1.0
1808	1834	1.0
1810	1811	1.0
1813	1703	1.0
1814	1712	1.0
1815	1816	1.0
1816	526	1.0
1818	1703	1.0
1819	1820	1.0
1821	1784	1.0
1821	1787	1.0
1821	1822	1.0
1823	1712	1.0
1826	1820	1.0
1827	1828	1.0
1829	1830	1.0
1831	1832	1.0
1833	1834	1.0
1833	1835	1.0
1836	1705	1.0
1836	1706	1.0
1836	1784	1.0
1837	1669	1.0
1838	1828	1.0
1841	1834	1.0
1842	1843	1.0
1843	1344	1.0
1843	1782	1.0
1843	1869	1.0
1844	1671	1.0
1845	1743	1.0
1846	1737	1.0
1847	1702	1.0
1847	1712	1.0
1848	1796	1.0
1848	1808	1.0
1848	1849	1.0
1848	1850	1.0
1848	1851	1.0
1850	1675	1.0
1851	1777	1.0
1852	1712	1.0
1852	1853	1.0
1853	1712	1.0
1854	1855	1.0
1854	1856	1.0
1856	1855	1.0
1858	1812	1.0
1859	1669	1.0
1861	1793	1.0
1861	1862	1.0
1862	1792	1.0
1862	1793	1.0
1863	893	1.0
1863	1665	1.0
1863	1666	1.0
1864	1808	1.0
1864	1860	1.0
1864	1865	1.0
1866	1867	1.0
1867	1739	1.0
1868	1686	1.0
1869	2094	1.0
1870	1734	1.0
1870	1840	1.0
1871	1751	1.0
1872	1725	1.0
1873	1874	1.0
1876	1877	1.0
1878	1879	1.0
1880	1881	1.0
1882	1869	1.0
1883	1716	1.0
1884	1751	1.0
1884	1779	1.0
1885	1769	1.0
1886	1712	1.0
1887	1712	1.0
1888	1675	1.0
1889	1780	1.0
1890	1737	1.0
1891	1892	1.0
1892	2011	1.0
1892	2012	1.0
1893	1699	1.0
1894	1712	1.0
1895	1896	1.0
1897	1808	1.0
1898	1703	1.0
1898	1737	1.0
1899	526	1.0
1899	1816	1.0
1900	1712	1.0
1901	1834	1.0
1902	1834	1.0
1902	1835	1.0
1903	1904	1.0
1905	526	1.0
1906	1712	1.0
1907	1689	1.0
1908	1669	1.0
1909	1834	1.0
1909	1835	1.0
1910	1876	1.0
1911	1344	1.0
1911	1688	1.0
1911	1912	1.0
1911	1913	1.0
1912	1344	1.0
1912	1782	1.0
1914	1704	1.0
1915	1737	1.0
1916	1743	1.0
1918	1690	1.0
1919	1712	1.0
1920	1756	1.0
1921	1668	1.0
1922	1791	1.0
1923	1686	1.0
1924	1705	1.0
1926	1669	1.0
1926	1746	1.0
1927	1702	1.0
1927	1867	1.0
1928	1751	1.0
1929	526	1.0
1929	1816	1.0
1930	1734	1.0
1931	1932	1.0
1933	1702	1.0
1934	1935	1.0
1936	1799	1.0
1937	1730	1.0
1937	1938	1.0
1939	1686	1.0
1941	1668	1.0
1941	1669	1.0
1943	1676	1.0
1943	1795	1.0
1944	1736	1.0
1944	1942	1.0
1945	526	1.0
1945	1723	1.0
1945	1816	1.0
1946	1779	1.0
1946	1787	1.0
1946	1947	1.0
1948	1949	1.0
1948	1950	1.0
1950	1686	1.0
1951	1952	1.0
1953	1678	1.0
1953	1808	1.0
1954	275	1.0
1955	1344	1.0
1955	1782	1.0
1956	1957	1.0
1958	1712	1.0
1959	1892	1.0
1960	1849	1.0
1961	1706	1.0
1962	1751	1.0
1962	1822	1.0
1963	1689	1.0
1964	1793	1.0
1965	1966	1.0
1967	1968	1.0
1967	1969	1.0
1968	2486	1.0
1969	1968	1.0
1970	1971	1.0
1971	1980	1.0
1972	1768	1.0
1973	1974	1.0
1975	1712	1.0
1976	1952	1.0
1977	1712	1.0
1978	1712	1.0
1978	1853	1.0
1979	1736	1.0
1979	1794	1.0
1981	1741	1.0
1982	1697	1.0
1983	1782	1.0
1984	1671	1.0
1984	1678	1.0
1984	1808	1.0
1984	1985	1.0
1985	1671	1.0
1986	1987	1.0
1988	1689	1.0
1989	1990	1.0
1989	1991	1.0
1991	1791	1.0
1992	1993	1.0
1994	1987	1.0
1995	1970	1.0
1995	1971	1.0
1996	1892	1.0
1998	1806	1.0
1999	1797	1.0
1999	1860	1.0
2000	1730	1.0
2001	1699	1.0
2002	1756	1.0
2002	1920	1.0
2003	1817	1.0
2004	1876	1.0
2005	1669	1.0
2006	1828	1.0
2007	1686	1.0
2008	1739	1.0
2009	893	1.0
2009	1684	1.0
2009	2010	1.0
2010	893	1.0
2010	1665	1.0
2010	1684	1.0
2011	1758	1.0
2013	15	1.0
2016	2017	1.0
2017	1925	1.0
2018	1712	1.0
2019	1686	1.0
2020	1712	1.0
2021	1697	1.0
2022	1669	1.0
2023	1777	1.0
2024	1686	1.0
2025	2026	1.0
2026	1940	1.0
2027	1809	1.0
2028	1940	1.0
2029	1699	1.0
2031	1787	1.0
2032	1678	1.0
2032	1748	1.0
2033	1671	1.0
2033	1985	1.0
2034	1791	1.0
2035	1675	1.0
2036	1673	1.0
2037	1768	1.0
2039	1787	1.0
2040	893	1.0
2040	1684	1.0
2040	2010	1.0
2041	1668	1.0
2041	1669	1.0
2042	911	1.0
2043	1991	1.0
2044	1712	1.0
2045	1712	1.0
2046	1712	1.0
2046	1933	1.0
2047	1712	1.0
2048	893	1.0
2049	1344	1.0
2049	1689	1.0
2050	2051	1.0
2052	1796	1.0
2053	1806	1.0
2054	1669	1.0
2055	1761	1.0
2055	1762	1.0
2056	2057	1.0
2058	2059	1.0
2059	1791	1.0
2060	2061	1.0
2062	1706	1.0
2063	1736	1.0
2063	2064	1.0
2065	1784	1.0
2065	2066	1.0
2067	1744	1.0
2069	1787	1.0
2070	1736	1.0
2071	1810	1.0
2071	1811	1.0
2073	1676	1.0
2074	1865	1.0
2075	1991	1.0
2076	1749	1.0
2077	1839	1.0
2078	1869	1.0
2079	1671	1.0
2080	1917	1.0
2081	2072	1.0
2082	2083	1.0
2084	1669	1.0
2085	1975	1.0
2086	1939	1.0
2087	1686	1.0
2088	1939	1.0
2089	1787	1.0
2090	1834	1.0
2091	893	1.0
2091	1684	1.0
2091	2010	1.0
2092	1712	1.0
2093	2011	1.0
2093	2012	1.0
2095	1779	1.0
2095	1787	1.0
2095	1947	1.0
2096	1779	1.0
2096	1801	1.0
2096	2068	1.0
2097	893	1.0
2097	1665	1.0
2097	1666	1.0
2098	1712	1.0
2098	2099	1.0
2100	1702	1.0
2100	1867	1.0
2102	526	1.0
2103	1896	1.0
2104	1856	1.0
2104	1876	1.0
2105	1671	1.0
2106	1712	1.0
2107	1686	1.0
2107	1825	1.0
2108	1676	1.0
2109	1725	1.0
2110	1843	1.0
2111	1892	1.0
2112	1703	1.0
2113	1669	1.0
2114	1684	1.0
2114	2040	1.0
2115	1712	1.0
2116	1712	1.0
2117	1896	1.0
2118	1702	1.0
2118	1867	1.0
2119	1968	1.0
2119	1969	1.0
2120	893	1.0
2121	1806	1.0
2122	1712	1.0
2123	1787	1.0
2124	1703	1.0
2124	1866	1.0
2125	1686	1.0
2125	1699	1.0
2126	893	1.0
2126	1684	1.0
2126	2010	1.0
2126	2040	1.0
2127	1739	1.0
2128	1949	1.0
2129	2130	1.0
2131	1943	1.0
2132	1822	1.0
2133	1876	1.0
2134	1697	1.0
2135	1737	1.0
2136	1746	1.0
2137	2030	1.0
2138	1703	1.0
2138	1712	1.0
2138	1975	1.0
2139	1712	1.0
2140	1712	1.0
2141	893	1.0
2141	1752	1.0
2142	1669	1.0
2143	369	1.0
2144	1736	1.0
2144	1808	1.0
2145	1828	1.0
2146	1797	1.0
2146	1860	1.0
2147	1712	1.0
2147	1997	1.0
2148	1671	1.0
2149	1787	1.0
2150	1876	1.0
2151	2000	1.0
2152	1669	1.0
2153	1874	1.0
2153	1987	1.0
2154	1787	1.0
2154	1822	1.0
2155	1669	1.0
2156	1736	1.0
2157	1878	1.0
2158	1695	1.0
2159	1857	1.0
2159	1869	1.0
2160	1784	1.0
2161	1782	1.0
2162	1703	1.0
2162	1712	1.0
2163	1780	1.0
2164	1705	1.0
2164	2015	1.0
2165	1824	1.0
2166	1669	1.0
2166	1712	1.0
2167	1705	1.0
2167	1706	1.0
2168	1671	1.0
2169	1881	1.0
2170	1741	1.0
2171	1796	1.0
2171	1834	1.0
2172	1805	1.0
2173	1987	1.0
2174	1669	1.0
2175	1746	1.0
2176	1875	1.0
2177	1712	1.0
2178	1686	1.0
2178	1699	1.0
2179	1671	1.0
2179	1985	1.0
2180	1834	1.0
2180	1835	1.0
2181	2083	1.0
2182	1712	1.0
2183	1793	1.0
2183	2038	1.0
2184	1669	1.0
2184	1746	1.0
2185	1669	1.0
2186	526	1.0
2186	1723	1.0
2186	1816	1.0
2187	2030	1.0
2188	1712	1.0
2189	1712	1.0
2190	1787	1.0
2191	1765	1.0
2192	1896	1.0
2193	1669	1.0
2194	1703	1.0
2195	1741	1.0
2196	1712	1.0
2197	1697	1.0
2198	1782	1.0
2199	1869	1.0
2200	1943	1.0
2201	1671	1.0
2202	1689	1.0
2203	1746	1.0
2204	1669	1.0
2204	1746	1.0
2205	1703	1.0
2206	526	1.0
2207	526	1.0
2208	911	1.0
2209	1705	1.0
2210	2014	1.0
2211	1669	1.0
2212	1712	1.0
2213	2214	1.0
2214	2287	1.0
2215	2216	1.0
2215	2217	1.0
2216	2250	1.0
2216	2409	1.0
2217	2251	1.0
2217	2252	1.0
2218	2219	1.0
2219	2343	1.0
2219	2485	1.0
2220	2221	1.0
2220	2222	1.0
2222	2470	1.0
2222	2547	1.0
2223	2224	1.0
2226	2227	1.0
2228	2229	1.0
2229	2337	1.0
2231	2232	1.0
2232	2342	1.0
2234	2235	1.0
2235	2322	1.0
2238	2239	1.0
2240	2241	1.0
2242	2243	1.0
2242	2244	1.0
2244	2243	1.0
2244	2471	1.0
2245	2246	1.0
2248	2249	1.0
2250	2251	1.0
2250	2252	1.0
2252	2251	1.0
2254	2255	1.0
2254	2256	1.0
2254	2257	1.0
2256	2872	1.0
2257	2286	1.0
2257	2287	1.0
2257	2378	1.0
2257	2448	1.0
2257	2476	1.0
2257	2477	1.0
2258	2259	1.0
2258	2260	1.0
2259	2267	1.0
2260	2239	1.0
2261	2262	1.0
2261	2263	1.0
2262	2606	1.0
2262	2673	1.0
2264	2265	1.0
2266	2267	1.0
2267	2259	1.0
2268	2269	1.0
2270	2271	1.0
2270	2272	1.0
2271	2249	1.0
2272	2271	1.0
2273	2274	1.0
2275	2276	1.0
2278	2279	1.0
2281	2282	1.0
2283	2284	1.0
2284	2439	1.0
2285	2286	1.0
2285	2287	1.0
2286	2287	1.0
2288	2261	1.0
2288	2262	1.0
2289	2290	1.0
2292	2286	1.0
2293	2294	1.0
2295	2296	1.0
2297	2298	1.0
2299	2300	1.0
2300	2403	1.0
2300	2606	1.0
2300	2745	1.0
2301	2302	1.0
2303	2304	1.0
2305	2256	1.0
2306	2257	1.0
2307	2308	1.0
2312	2313	1.0
2314	2267	1.0
2315	2316	1.0
2317	2277	1.0
2319	2320	1.0
2320	2319	1.0
2321	2322	1.0
2323	1101	1.0
2324	2276	1.0
2324	2325	1.0
2325	2561	1.0
2326	2327	1.0
2327	2788	1.0
2328	2309	1.0
2329	2330	1.0
2331	2332	1.0
2334	2300	1.0
2334	2335	1.0
2336	2271	1.0
2338	2334	1.0
2339	2340	1.0
2341	2342	1.0
2341	2343	1.0
2342	2232	1.0
2343	2219	1.0
2343	2485	1.0
2344	2345	1.0
2347	2348	1.0
2349	2350	1.0
2351	2251	1.0
2352	2310	1.0
2353	2354	1.0
2355	2257	1.0
2356	2357	1.0
2356	2358	1.0
2358	2265	1.0
2358	2357	1.0
2358	2503	1.0
2359	2267	1.0
2360	2361	1.0
2362	2363	1.0
2364	2365	1.0
2366	2214	1.0
2366	2260	1.0
2367	2260	1.0
2368	2369	1.0
2371	2372	1.0
2372	2259	1.0
2373	2233	1.0
2373	2374	1.0
2374	2233	1.0
2376	2377	1.0
2378	2287	1.0
2379	1030	1.0
2379	1124	1.0
2379	1398	1.0
2380	2236	1.0
2380	2381	1.0
2382	2300	1.0
2382	2383	1.0
2382	2384	1.0
2382	2385	1.0
2384	2300	1.0
2386	2259	1.0
2390	2249	1.0
2397	2240	1.0
2398	2273	1.0
2398	2274	1.0
2399	2250	1.0
2399	2251	1.0
2400	2246	1.0
2401	2313	1.0
2402	2385	1.0
2402	2403	1.0
2404	2405	1.0
2406	2407	1.0
2408	2250	1.0
2408	2409	1.0
2411	2216	1.0
2411	2217	1.0
2412	2282	1.0
2413	2392	1.0
2413	2414	1.0
2414	2247	1.0
2417	2418	1.0
2419	2420	1.0
2421	2422	1.0
2423	1124	1.0
2427	2311	1.0
2428	2249	1.0
2428	2271	1.0
2429	2430	1.0
2431	2432	1.0
2433	1060	1.0
2435	2232	1.0
2436	2437	1.0
2440	2286	1.0
2441	2300	1.0
2442	2221	1.0
2442	2222	1.0
2443	2361	1.0
2443	2444	1.0
2444	2361	1.0
2445	2263	1.0
2446	2447	1.0
2448	2287	1.0
2449	2289	1.0
2453	2345	1.0
2454	1604	1.0
2455	2421	1.0
2456	2388	1.0
2457	2259	1.0
2458	2237	1.0
2460	2289	1.0
2461	2257	1.0
2462	2389	1.0
2463	2309	1.0
2464	2214	1.0
2465	2407	1.0
2466	2261	1.0
2466	2262	1.0
2467	2468	1.0
2468	2259	1.0
2470	2253	1.0
2471	2243	1.0
2473	2274	1.0
2474	2219	1.0
2475	2286	1.0
2475	2287	1.0
2475	2378	1.0
2475	2448	1.0
2475	2476	1.0
2475	2477	1.0
2476	2214	1.0
2478	830	1.0
2479	2260	1.0
2480	2481	1.0
2482	2343	1.0
2483	2267	1.0
2484	2256	1.0
2484	2257	1.0
2487	2249	1.0
2487	2271	1.0
2489	2265	1.0
2489	2490	1.0
2491	2492	1.0
2493	2260	1.0
2494	2251	1.0
2494	2252	1.0
2495	2249	1.0
2496	2391	1.0
2497	2386	1.0
2500	2501	1.0
2502	2358	1.0
2502	2503	1.0
2502	2504	1.0
2503	2358	1.0
2504	2358	1.0
2504	2503	1.0
2506	2507	1.0
2508	2282	1.0
2510	2217	1.0
2510	2252	1.0
2511	2263	1.0
2511	2512	1.0
2513	2514	1.0
2513	2515	1.0
2513	2516	1.0
2513	2517	1.0
2514	2515	1.0
2516	2515	1.0
2517	2514	1.0
2517	2515	1.0
2518	2385	1.0
2518	2403	1.0
2519	2358	1.0
2519	2503	1.0
2520	2521	1.0
2521	944	1.0
2522	2370	1.0
2523	2257	1.0
2524	830	1.0
2524	2478	1.0
2525	2526	1.0
2527	2225	1.0
2527	2472	1.0
2528	2488	1.0
2529	2372	1.0
2531	2532	1.0
2534	2391	1.0
2536	2537	1.0
2537	2229	1.0
2538	2387	1.0
2539	2243	1.0
2539	2244	1.0
2540	2541	1.0
2543	2280	1.0
2544	2249	1.0
2544	2271	1.0
2544	2545	1.0
2548	2287	1.0
2548	2425	1.0
2549	2550	1.0
2550	2651	1.0
2551	2249	1.0
2552	2541	1.0
2553	2241	1.0
2554	2282	1.0
2555	2407	1.0
2557	2364	1.0
2557	2365	1.0
2558	2541	1.0
2559	2492	1.0
2559	2560	1.0
2560	2492	1.0
2562	2304	1.0
2562	2563	1.0
2564	2287	1.0
2565	2225	1.0
2565	2383	1.0
2565	2504	1.0
2567	2535	1.0
2568	2569	1.0
2569	862	1.0
2570	2252	1.0
2573	2466	1.0
2574	2386	1.0
2576	2350	1.0
2577	2578	1.0
2577	2579	1.0
2577	2580	1.0
2578	830	1.0
2578	2580	1.0
2578	3654	1.0
2581	1968	1.0
2581	2415	1.0
2582	2225	1.0
2583	2451	1.0
2584	2250	1.0
2584	2409	1.0
2585	2241	1.0
2585	2267	1.0
2586	2587	1.0
2587	2260	1.0
2587	2267	1.0
2589	1101	1.0
2589	1604	1.0
2590	2287	1.0
2591	2378	1.0
2592	2260	1.0
2592	2366	1.0
2592	2587	1.0
2593	2286	1.0
2594	2257	1.0
2596	2261	1.0
2596	2466	1.0
2597	2286	1.0
2598	2271	1.0
2600	2257	1.0
2600	2601	1.0
2600	2602	1.0
2602	2257	1.0
2602	2286	1.0
2603	2604	1.0
2605	2253	1.0
2606	2607	1.0
2606	2608	1.0
2606	2609	1.0
2607	2606	1.0
2607	2608	1.0
2607	2723	1.0
2610	2216	1.0
2610	2217	1.0
2611	2392	1.0
2612	2342	1.0
2612	2343	1.0
2613	2614	1.0
2615	2333	1.0
2616	2617	1.0
2618	2619	1.0
2621	2441	1.0
2622	2259	1.0
2623	2253	1.0
2624	2221	1.0
2624	2547	1.0
2625	2626	1.0
2627	2214	1.0
2627	2287	1.0
2628	2230	1.0
2629	2568	1.0
2630	2377	1.0
2631	1604	1.0
2632	2287	1.0
2632	2477	1.0
2633	2572	1.0
2634	2410	1.0
2635	2542	1.0
2636	2232	1.0
2637	2514	1.0
2638	2249	1.0
2640	2499	1.0
2641	2249	1.0
2641	2271	1.0
2641	2545	1.0
2642	2257	1.0
2642	2287	1.0
2642	2378	1.0
2642	2591	1.0
2643	2322	1.0
2644	2229	1.0
2645	2319	1.0
2646	1101	1.0
2647	2243	1.0
2647	2244	1.0
2649	2409	1.0
2649	2411	1.0
2650	2249	1.0
2650	2271	1.0
2652	2422	1.0
2653	2287	1.0
2653	2448	1.0
2654	2578	1.0
2654	2579	1.0
2654	2580	1.0
2655	2393	1.0
2656	2639	1.0
2657	2530	1.0
2658	2659	1.0
2659	1112	1.0
2659	2459	1.0
2660	2300	1.0
2661	2375	1.0
2661	2662	1.0
2662	2342	1.0
2663	2664	1.0
2665	2300	1.0
2665	2518	1.0
2665	2666	1.0
2667	2668	1.0
2667	2669	1.0
2668	2669	1.0
2669	2668	1.0
2670	2439	1.0
2671	2550	1.0
2672	2518	1.0
2674	2251	1.0
2675	2259	1.0
2676	2263	1.0
2678	2257	1.0
2678	2287	1.0
2679	2426	1.0
2680	2251	1.0
2681	2287	1.0
2681	2476	1.0
2683	2262	1.0
2683	2606	1.0
2684	2450	1.0
2685	2216	1.0
2685	2217	1.0
2686	2249	1.0
2686	2271	1.0
2687	2588	1.0
2688	2261	1.0
2688	2466	1.0
2689	2447	1.0
2690	2575	1.0
2690	2691	1.0
2691	2222	1.0
2691	2452	1.0
2691	2470	1.0
2692	2693	1.0
2694	2448	1.0
2696	2418	1.0
2697	832	1.0
2698	832	1.0
2699	2276	1.0
2699	2325	1.0
2700	2509	1.0
2700	2628	1.0
2701	2370	1.0
2702	1060	1.0
2703	2412	1.0
2704	2568	1.0
2705	2258	1.0
2705	2587	1.0
2706	2267	1.0
2707	2298	1.0
2708	91	1.0
2708	710	1.0
2708	879	1.0
2709	2558	1.0
2710	2394	1.0
2711	2214	1.0
2711	2287	1.0
2712	2682	1.0
2713	2271	1.0
2714	2322	1.0
2715	1479	1.0
2716	2264	1.0
2716	2662	1.0
2717	2216	1.0
2719	2533	1.0
2720	1060	1.0
2720	2702	1.0
2721	2248	1.0
2721	2430	1.0
2722	2416	1.0
2724	2259	1.0
2725	2267	1.0
2725	2325	1.0
2725	2726	1.0
2726	2259	1.0
2726	2267	1.0
2727	2240	1.0
2728	2361	1.0
2728	2444	1.0
2729	2273	1.0
2729	2398	1.0
2730	2560	1.0
2731	2267	1.0
2732	2233	1.0
2732	2374	1.0
2733	2358	1.0
2733	2503	1.0
2734	2735	1.0
2736	2546	1.0
2736	2695	1.0
2737	2358	1.0
2737	2502	1.0
2738	2389	1.0
2739	2438	1.0
2740	2388	1.0
2741	2263	1.0
2743	2316	1.0
2744	2421	1.0
2746	2291	1.0
2747	1124	1.0
2747	1168	1.0
2748	2216	1.0
2748	2217	1.0
2749	2750	1.0
2751	2214	1.0
2751	2287	1.0
2751	2498	1.0
2752	2280	1.0
2753	2217	1.0
2753	2252	1.0
2754	2358	1.0
2754	2502	1.0
2754	2503	1.0
2755	2318	1.0
2756	2267	1.0
2757	2758	1.0
2758	2365	1.0
2759	2386	1.0
2760	2260	1.0
2761	2251	1.0
2761	2252	1.0
2762	2360	1.0
2763	2300	1.0
2764	2446	1.0
2765	2469	1.0
2766	2578	1.0
2766	2579	1.0
2766	2580	1.0
2767	2768	1.0
2768	2742	1.0
2769	2389	1.0
2770	2244	1.0
2770	2471	1.0
2771	2265	1.0
2772	2572	1.0
2773	2274	1.0
2774	2230	1.0
2775	2375	1.0
2776	2257	1.0
2777	2327	1.0
2778	2691	1.0
2779	2327	1.0
2782	2595	1.0
2783	2259	1.0
2784	2595	1.0
2785	2566	1.0
2786	2361	1.0
2787	2346	1.0
2789	2410	1.0
2790	2282	1.0
2791	2385	1.0
2791	2403	1.0
2793	2530	1.0
2794	2276	1.0
2794	2325	1.0
2795	2578	1.0
2795	2579	1.0
2795	2580	1.0
2796	2287	1.0
2796	2564	1.0
2797	2718	1.0
2798	2333	1.0
2799	2224	1.0
2800	2619	1.0
2801	2578	1.0
2801	2579	1.0
2801	2580	1.0
2802	1453	1.0
2802	2267	1.0
2802	2395	1.0
2802	2803	1.0
2803	1452	1.0
2803	2267	1.0
2803	2395	1.0
2804	2243	1.0
2805	2806	1.0
2807	2243	1.0
2808	2502	1.0
2809	2279	1.0
2810	2248	1.0
2811	2241	1.0
2812	2330	1.0
2813	2549	1.0
2814	2606	1.0
2815	1968	1.0
2816	2501	1.0
2817	2366	1.0
2817	2587	1.0
2818	2702	1.0
2819	2409	1.0
2819	2411	1.0
2820	2249	1.0
2821	2541	1.0
2822	2803	1.0
2823	2824	1.0
2826	2803	1.0
2827	2639	1.0
2828	2364	1.0
2828	2365	1.0
2828	2829	1.0
2829	2693	1.0
2830	2831	1.0
2832	2599	1.0
2833	2267	1.0
2834	1604	1.0
2835	2505	1.0
2836	2267	1.0
2837	2830	1.0
2838	2357	1.0
2838	2503	1.0
2839	2378	1.0
2840	2257	1.0
2840	2378	1.0
2840	2425	1.0
2841	2521	1.0
2842	2282	1.0
2843	2518	1.0
2844	2257	1.0
2844	2448	1.0
2845	2792	1.0
2846	2387	1.0
2847	2259	1.0
2847	2267	1.0
2848	2267	1.0
2849	2333	1.0
2850	2358	1.0
2850	2503	1.0
2851	2735	1.0
2852	2853	1.0
2854	2271	1.0
2855	2221	1.0
2856	2274	1.0
2856	2446	1.0
2857	2396	1.0
2858	2229	1.0
2859	2571	1.0
2860	2422	1.0
2861	2289	1.0
2862	2662	1.0
2863	2222	1.0
2864	2604	1.0
2865	2375	1.0
2865	2661	1.0
2865	2775	1.0
2866	2287	1.0
2866	2378	1.0
2867	2407	1.0
2868	2639	1.0
2869	2600	1.0
2870	2434	1.0
2871	1452	1.0
2871	2259	1.0
2871	2267	1.0
2871	2468	1.0
2872	3643	1.0
2873	2221	1.0
2874	2384	1.0
2875	2550	1.0
2876	2424	1.0
2877	2447	1.0
2878	2221	1.0
2878	2547	1.0
2879	2829	1.0
2879	2880	1.0
2881	2416	1.0
2882	2274	1.0
2883	2337	1.0
2884	2358	1.0
2886	2468	1.0
2887	2358	1.0
2887	2502	1.0
2887	2737	1.0
2888	2781	1.0
2889	2569	1.0
2890	2677	1.0
2890	2825	1.0
2891	2738	1.0
2892	2241	1.0
2892	2267	1.0
2893	2350	1.0
2894	2343	1.0
2895	2259	1.0
2895	2267	1.0
2896	2518	1.0
2897	2648	1.0
2898	2780	1.0
2899	2556	1.0
2900	2620	1.0
2901	198	1.0
2904	2905	1.0
2906	2907	1.0
2909	967	1.0
2911	2912	1.0
2914	966	1.0
2915	2916	1.0
2917	2918	1.0
2920	2921	1.0
2921	3230	1.0
2922	2923	1.0
2924	2925	1.0
2925	420	1.0
2925	3410	1.0
2927	966	1.0
2927	2928	1.0
2928	965	1.0
2930	2931	1.0
2931	3374	1.0
2931	3413	1.0
2932	2933	1.0
2934	2935	1.0
2936	2937	1.0
2938	2939	1.0
2940	2941	1.0
2941	2940	1.0
2942	2943	1.0
2944	966	1.0
2945	2946	1.0
2947	2948	1.0
2949	966	1.0
2951	1	1.0
2952	2953	1.0
2952	2954	1.0
2952	2955	1.0
2954	2955	1.0
2956	2957	1.0
2958	2959	1.0
2960	2961	1.0
2962	2935	1.0
2963	159	1.0
2966	2965	1.0
2966	2967	1.0
2966	2968	1.0
2966	2969	1.0
2967	3063	1.0
2967	3135	1.0
2967	3431	1.0
2968	3133	1.0
2968	3135	1.0
2969	3133	1.0
2969	3134	1.0
2969	3135	1.0
2970	2971	1.0
2972	159	1.0
2972	2973	1.0
2973	3076	1.0
2973	3077	1.0
2973	3385	1.0
2974	965	1.0
2974	967	1.0
2975	965	1.0
2975	967	1.0
2975	2914	1.0
2975	2976	1.0
2977	2978	1.0
2979	2980	1.0
2980	3264	1.0
2981	2982	1.0
2984	966	1.0
2985	2986	1.0
2987	2988	1.0
2989	2990	1.0
2989	2991	1.0
2990	2991	1.0
2992	2986	1.0
2992	2993	1.0
2994	2995	1.0
2996	2997	1.0
2998	2999	1.0
3000	3001	1.0
3000	3002	1.0
3000	3003	1.0
3001	2980	1.0
3001	3018	1.0
3004	3005	1.0
3005	236	1.0
3006	159	1.0
3007	966	1.0
3009	3010	1.0
3011	967	1.0
3012	2935	1.0
3014	3015	1.0
3016	3017	1.0
3018	3003	1.0
3019	3020	1.0
3022	3023	1.0
3024	2903	1.0
3025	3026	1.0
3027	784	1.0
3028	3029	1.0
3030	3031	1.0
3032	965	1.0
3032	3033	1.0
3032	3034	1.0
3032	3035	1.0
3032	3036	1.0
3038	3039	1.0
3039	3038	1.0
3041	920	1.0
3043	2983	1.0
3043	3044	1.0
3043	3045	1.0
3043	3046	1.0
3043	3047	1.0
3049	3050	1.0
3051	3052	1.0
3052	3046	1.0
3052	3326	1.0
3053	3054	1.0
3055	3056	1.0
3056	2954	1.0
3058	2929	1.0
3059	2953	1.0
3061	3062	1.0
3061	3063	1.0
3061	3064	1.0
3064	2965	1.0
3066	2959	1.0
3068	2965	1.0
3068	3062	1.0
3068	3064	1.0
3069	3070	1.0
3069	3071	1.0
3072	3073	1.0
3075	2973	1.0
3075	3076	1.0
3075	3077	1.0
3076	3077	1.0
3080	3081	1.0
3082	3083	1.0
3084	3085	1.0
3085	920	1.0
3085	1115	1.0
3085	3041	1.0
3086	3087	1.0
3088	2918	1.0
3089	1	1.0
3089	2951	1.0
3089	3090	1.0
3090	2951	1.0
3092	3093	1.0
3094	2935	1.0
3095	2980	1.0
3097	3074	1.0
3097	3077	1.0
3097	3098	1.0
3098	3074	1.0
3098	3253	1.0
3101	3102	1.0
3103	3017	1.0
3104	3050	1.0
3105	3106	1.0
3107	2971	1.0
3108	2965	1.0
3109	3100	1.0
3110	2980	1.0
3110	3018	1.0
3111	2902	1.0
3112	2920	1.0
3114	967	1.0
3115	3038	1.0
3115	3039	1.0
3116	2950	1.0
3116	3117	1.0
3116	3118	1.0
3116	3119	1.0
3116	3120	1.0
3117	3118	1.0
3117	3119	1.0
3117	3120	1.0
3119	3120	1.0
3121	3122	1.0
3122	2983	1.0
3123	3124	1.0
3123	3125	1.0
3124	3472	1.0
3126	2907	1.0
3126	3127	1.0
3128	3129	1.0
3130	3131	1.0
3131	1	1.0
3131	2951	1.0
3131	3090	1.0
3131	3363	1.0
3132	965	1.0
3134	2965	1.0
3135	3063	1.0
3135	3064	1.0
3135	3387	1.0
3136	3100	1.0
3137	3138	1.0
3139	3140	1.0
3142	2967	1.0
3142	3064	1.0
3143	3077	1.0
3144	1935	1.0
3146	2905	1.0
3148	3133	1.0
3149	2980	1.0
3149	3018	1.0
3151	966	1.0
3152	159	1.0
3153	2991	1.0
3154	3155	1.0
3156	967	1.0
3156	2914	1.0
3157	3002	1.0
3158	965	1.0
3160	2926	1.0
3160	3161	1.0
3161	2926	1.0
3163	3005	1.0
3164	3165	1.0
3166	967	1.0
3166	3167	1.0
3167	3367	1.0
3169	3170	1.0
3170	3057	1.0
3171	849	1.0
3172	965	1.0
3173	2920	1.0
3174	3175	1.0
3176	965	1.0
3177	982	1.0
3177	3178	1.0
3179	3180	1.0
3180	159	1.0
3181	2971	1.0
3181	3182	1.0
3182	2971	1.0
3183	2885	1.0
3183	3184	1.0
3184	2885	1.0
3185	3091	1.0
3186	3010	1.0
3187	3188	1.0
3188	3229	1.0
3189	2959	1.0
3189	3066	1.0
3190	965	1.0
3191	849	1.0
3193	3194	1.0
3193	3195	1.0
3193	3196	1.0
3195	2913	1.0
3196	3193	1.0
3196	3195	1.0
3197	2954	1.0
3198	3077	1.0
3199	3113	1.0
3200	3201	1.0
3201	3200	1.0
3202	966	1.0
3203	3133	1.0
3203	3134	1.0
3203	3135	1.0
3204	966	1.0
3205	967	1.0
3206	3207	1.0
3209	966	1.0
3210	3211	1.0
3211	3050	1.0
3211	3234	1.0
3212	966	1.0
3213	3159	1.0
3214	159	1.0
3215	3137	1.0
3215	3138	1.0
3216	966	1.0
3217	3218	1.0
3219	3220	1.0
3222	967	1.0
3222	3223	1.0
3223	3162	1.0
3223	3276	1.0
3224	2946	1.0
3225	3226	1.0
3227	3223	1.0
3228	3229	1.0
3229	3277	1.0
3231	3232	1.0
3233	967	1.0
3235	159	1.0
3235	2973	1.0
3236	3237	1.0
3238	849	1.0
3239	965	1.0
3239	966	1.0
3239	2907	1.0
3239	2961	1.0
3239	2999	1.0
3239	3120	1.0
3240	967	1.0
3240	2914	1.0
3241	2983	1.0
3242	3243	1.0
3242	3244	1.0
3242	3245	1.0
3242	3246	1.0
3243	3245	1.0
3243	3246	1.0
3245	3277	1.0
3248	965	1.0
3249	966	1.0
3249	3204	1.0
3250	2959	1.0
3250	3066	1.0
3250	3251	1.0
3252	2983	1.0
3252	3046	1.0
3254	2925	1.0
3255	2982	1.0
3256	966	1.0
3257	415	1.0
3258	236	1.0
3258	3259	1.0
3259	3005	1.0
3260	3261	1.0
3261	3201	1.0
3262	2919	1.0
3263	966	1.0
3263	967	1.0
3266	107	1.0
3270	2990	1.0
3270	2991	1.0
3271	3113	1.0
3271	3199	1.0
3272	2983	1.0
3272	3122	1.0
3273	3040	1.0
3274	849	1.0
3275	3050	1.0
3276	3162	1.0
3278	3067	1.0
3279	2957	1.0
3280	2950	1.0
3281	3282	1.0
3281	3283	1.0
3284	2916	1.0
3285	3079	1.0
3286	849	1.0
3287	3244	1.0
3287	3245	1.0
3287	3246	1.0
3288	965	1.0
3288	967	1.0
3289	982	1.0
3290	3291	1.0
3291	3365	1.0
3292	1	1.0
3292	3127	1.0
3292	3234	1.0
3293	966	1.0
3294	3168	1.0
3294	3275	1.0
3296	2991	1.0
3297	965	1.0
3298	2916	1.0
3299	849	1.0
3300	3076	1.0
3300	3077	1.0
3301	3302	1.0
3303	3026	1.0
3304	965	1.0
3304	967	1.0
3305	965	1.0
3305	967	1.0
3305	3204	1.0
3306	3295	1.0
3307	2954	1.0
3308	3208	1.0
3309	1	1.0
3309	3050	1.0
3309	3310	1.0
3311	3170	1.0
3312	3211	1.0
3313	3192	1.0
3315	965	1.0
3315	966	1.0
3315	2907	1.0
3315	2961	1.0
3315	2999	1.0
3315	3120	1.0
3316	2973	1.0
3316	3077	1.0
3317	3245	1.0
3317	3246	1.0
3318	849	1.0
3321	849	1.0
3323	3324	1.0
3325	3046	1.0
3325	3326	1.0
3326	2948	1.0
3326	3003	1.0
3326	3018	1.0
3326	3046	1.0
3326	3354	1.0
3327	967	1.0
3328	966	1.0
3328	3212	1.0
3329	3230	1.0
3330	159	1.0
3331	966	1.0
3332	1935	1.0
3333	849	1.0
3334	3076	1.0
3334	3077	1.0
3336	2999	1.0
3337	3053	1.0
3337	3265	1.0
3337	3338	1.0
3338	3054	1.0
3339	3340	1.0
3341	965	1.0
3341	967	1.0
3342	2964	1.0
3343	3023	1.0
3344	3345	1.0
3346	3221	1.0
3347	3348	1.0
3349	849	1.0
3349	3350	1.0
3350	849	1.0
3350	3299	1.0
3351	2946	1.0
3353	967	1.0
3354	3001	1.0
3354	3002	1.0
3354	3003	1.0
3354	3018	1.0
3354	3264	1.0
3355	3023	1.0
3355	3261	1.0
3356	965	1.0
3357	3335	1.0
3358	3118	1.0
3359	2919	1.0
3360	2965	1.0
3360	3062	1.0
3360	3064	1.0
3361	3003	1.0
3362	784	1.0
3363	1	1.0
3363	2951	1.0
3363	3090	1.0
3364	3352	1.0
3364	3365	1.0
3366	3367	1.0
3368	967	1.0
3369	3038	1.0
3369	3039	1.0
3370	3050	1.0
3370	3211	1.0
3370	3234	1.0
3371	3044	1.0
3372	3036	1.0
3373	2990	1.0
3373	2991	1.0
3375	91	1.0
3375	3267	1.0
3376	3020	1.0
3377	965	1.0
3378	3141	1.0
3379	967	1.0
3380	3102	1.0
3381	3048	1.0
3382	2996	1.0
3383	966	1.0
3384	159	1.0
3384	3076	1.0
3384	3077	1.0
3384	3385	1.0
3385	3074	1.0
3385	3077	1.0
3385	3098	1.0
3386	3352	1.0
3389	965	1.0
3390	3208	1.0
3391	3046	1.0
3392	3192	1.0
3392	3269	1.0
3393	3060	1.0
3394	3021	1.0
3395	3048	1.0
3396	420	1.0
3397	2971	1.0
3398	159	1.0
3399	2918	1.0
3400	966	1.0
3401	3038	1.0
3402	3194	1.0
3402	3195	1.0
3403	3077	1.0
3404	3405	1.0
3406	3404	1.0
3407	91	1.0
3407	3267	1.0
3408	967	1.0
3409	2980	1.0
3409	3147	1.0
3410	420	1.0
3411	2948	1.0
3414	3100	1.0
3415	3038	1.0
3415	3039	1.0
3416	967	1.0
3417	3418	1.0
3418	3010	1.0
3419	967	1.0
3420	3021	1.0
3421	2983	1.0
3421	3044	1.0
3421	3045	1.0
3421	3046	1.0
3422	2918	1.0
3423	3424	1.0
3425	3194	1.0
3425	3195	1.0
3426	3076	1.0
3426	3077	1.0
3426	3385	1.0
3427	3050	1.0
3427	3211	1.0
3427	3234	1.0
3428	2908	1.0
3429	965	1.0
3429	2916	1.0
3430	2968	1.0
3430	2969	1.0
3430	3063	1.0
3430	3064	1.0
3430	3134	1.0
3430	3135	1.0
3430	3431	1.0
3431	3062	1.0
3431	3063	1.0
3431	3135	1.0
3432	3424	1.0
3433	3247	1.0
3436	966	1.0
3436	967	1.0
3438	965	1.0
3439	2916	1.0
3440	966	1.0
3440	3204	1.0
3441	967	1.0
3442	3023	1.0
3443	3444	1.0
3445	3038	1.0
3445	3039	1.0
3446	3447	1.0
3448	3033	1.0
3449	849	1.0
3450	3322	1.0
3451	3150	1.0
3452	3038	1.0
3452	3039	1.0
3453	2973	1.0
3453	3077	1.0
3454	3023	1.0
3454	3395	1.0
3454	3412	1.0
3455	3456	1.0
3456	159	1.0
3457	965	1.0
3457	967	1.0
3458	3133	1.0
3458	3134	1.0
3458	3135	1.0
3459	967	1.0
3460	3008	1.0
3461	2933	1.0
3462	3096	1.0
3463	3352	1.0
3463	3365	1.0
3464	2919	1.0
3465	967	1.0
3466	2982	1.0
3467	967	1.0
3467	3388	1.0
3468	3087	1.0
3469	2432	1.0
3470	3042	1.0
3470	3320	1.0
3470	3471	1.0
3471	3042	1.0
3473	3145	1.0
3474	967	1.0
3475	2910	1.0
3476	3033	1.0
3476	3314	1.0
3477	3078	1.0
3478	3033	1.0
3478	3314	1.0
3479	2918	1.0
3480	3050	1.0
3480	3211	1.0
3481	965	1.0
3482	2914	1.0
3483	3437	1.0
3484	2965	1.0
3484	2967	1.0
3484	3142	1.0
3484	3431	1.0
3484	3435	1.0
3485	3037	1.0
3486	3487	1.0
3488	3326	1.0
3489	2959	1.0
3490	966	1.0
3491	236	1.0
3491	3259	1.0
3492	3374	1.0
3493	3329	1.0
3494	3045	1.0
3495	966	1.0
3495	3204	1.0
3496	967	1.0
3497	3319	1.0
3498	3434	1.0
3499	2991	1.0
3500	3013	1.0
3501	2980	1.0
3501	3147	1.0
3502	3268	1.0
3503	849	1.0
3504	3505	1.0
3506	3243	1.0
3506	3244	1.0
3506	3245	1.0
3506	3246	1.0
3507	3076	1.0
3507	3077	1.0
3508	965	1.0
3509	849	1.0
3509	2903	1.0
3509	3065	1.0
3510	2950	1.0
3510	3120	1.0
3510	3280	1.0
3511	3048	1.0
3512	3076	1.0
3513	830	1.0
3513	832	1.0
3513	1123	1.0
3514	0	1.0
3515	3516	1.0
3516	3515	1.0
3517	3518	1.0
3517	3519	1.0
3517	3520	1.0
3518	3539	1.0
3519	3536	1.0
3519	3539	1.0
3519	3540	1.0
3521	3522	1.0
3523	3524	1.0
3527	3528	1.0
3530	3531	1.0
3531	3557	1.0
3533	1060	1.0
3533	1294	1.0
3533	2718	1.0
3533	3534	1.0
3535	3519	1.0
3535	3536	1.0
3535	3537	1.0
3535	3538	1.0
3535	3539	1.0
3535	3540	1.0
3536	3539	1.0
3537	3520	1.0
3537	3539	1.0
3539	3538	1.0
3540	3536	1.0
3540	3539	1.0
3540	3623	1.0
3540	3624	1.0
3541	3542	1.0
3541	3543	1.0
3542	830	1.0
3542	3531	1.0
3542	3557	1.0
3542	3660	1.0
3542	3856	1.0
3544	3545	1.0
3544	3546	1.0
3547	830	1.0
3548	3549	1.0
3548	3550	1.0
3548	3551	1.0
3549	3660	1.0
3549	3663	1.0
3550	830	1.0
3550	1300	1.0
3551	3549	1.0
3551	3658	1.0
3551	3659	1.0
3552	3553	1.0
3555	2578	1.0
3555	2580	1.0
3556	2578	1.0
3558	3559	1.0
3560	3561	1.0
3563	3564	1.0
3566	3524	1.0
3566	3567	1.0
3566	3568	1.0
3566	3569	1.0
3566	3570	1.0
3567	3568	1.0
3569	2579	1.0
3569	3524	1.0
3570	3524	1.0
3570	3569	1.0
3570	3619	1.0
3571	36	1.0
3572	3573	1.0
3574	3575	1.0
3576	3577	1.0
3578	830	1.0
3579	3580	1.0
3581	3545	1.0
3582	3583	1.0
3582	3584	1.0
3582	3585	1.0
3583	3767	1.0
3584	3583	1.0
3587	862	1.0
3587	3588	1.0
3591	3592	1.0
3593	2578	1.0
3594	3595	1.0
3596	3524	1.0
3597	3619	1.0
3598	3599	1.0
3600	3601	1.0
3601	3788	1.0
3603	3604	1.0
3605	3606	1.0
3607	3608	1.0
3607	3609	1.0
3608	3524	1.0
3608	3840	1.0
3610	3611	1.0
3612	3613	1.0
3615	3616	1.0
3616	3679	1.0
3617	0	1.0
3618	3524	1.0
3618	3569	1.0
3618	3619	1.0
3621	3622	1.0
3623	3538	1.0
3625	3608	1.0
3625	3609	1.0
3625	3626	1.0
3628	3629	1.0
3630	830	1.0
3630	2580	1.0
3631	3632	1.0
3631	3633	1.0
3632	3837	1.0
3633	3632	1.0
3633	3695	1.0
3634	3573	1.0
3635	3636	1.0
3637	2578	1.0
3637	3573	1.0
3638	2578	1.0
3639	3545	1.0
3640	3641	1.0
3640	3642	1.0
3644	2578	1.0
3645	3646	1.0
3646	3545	1.0
3648	3549	1.0
3649	3650	1.0
3651	3652	1.0
3652	3524	1.0
3653	830	1.0
3653	2580	1.0
3653	3654	1.0
3655	3622	1.0
3655	3656	1.0
3655	3657	1.0
3656	3622	1.0
3657	3656	1.0
3658	2578	1.0
3658	3659	1.0
3658	3660	1.0
3661	3539	1.0
3662	3663	1.0
3665	3664	1.0
3666	3667	1.0
3668	3669	1.0
3670	3671	1.0
3672	3673	1.0
3672	3674	1.0
3674	3673	1.0
3674	3761	1.0
3674	3762	1.0
3675	3520	1.0
3675	3539	1.0
3675	3540	1.0
3675	3676	1.0
3676	3538	1.0
3677	3678	1.0
3680	3557	1.0
3681	3682	1.0
3685	1625	1.0
3686	320	1.0
3687	3688	1.0
3688	3546	1.0
3690	3590	1.0
3691	3531	1.0
3691	3542	1.0
3692	3658	1.0
3693	3522	1.0
3694	2512	1.0
3695	3632	1.0
3695	3633	1.0
3697	3562	1.0
3698	3699	1.0
3701	3702	1.0
3703	3704	1.0
3704	3747	1.0
3705	830	1.0
3706	3522	1.0
3706	3707	1.0
3708	3636	1.0
3710	3647	1.0
3711	2693	1.0
3712	3651	1.0
3713	3577	1.0
3716	3717	1.0
3719	2578	1.0
3719	3543	1.0
3719	3578	1.0
3719	3720	1.0
3720	3578	1.0
3721	3722	1.0
3723	2578	1.0
3723	3573	1.0
3724	1483	1.0
3724	2512	1.0
3725	3726	1.0
3727	3529	1.0
3729	3730	1.0
3732	3733	1.0
3734	830	1.0
3736	3632	1.0
3736	3695	1.0
3738	3568	1.0
3740	3601	1.0
3741	3742	1.0
3745	3731	1.0
3746	3747	1.0
3748	3749	1.0
3751	3752	1.0
3753	3549	1.0
3753	3659	1.0
3753	3754	1.0
3754	3549	1.0
3755	3683	1.0
3756	3757	1.0
3758	2512	1.0
3760	3619	1.0
3761	3770	1.0
3762	3761	1.0
3762	3770	1.0
3763	3764	1.0
3765	3682	1.0
3766	3767	1.0
3768	3769	1.0
3769	3524	1.0
3772	3733	1.0
3773	1123	1.0
3774	2578	1.0
3775	3616	1.0
3775	3776	1.0
3777	3573	1.0
3777	3723	1.0
3778	2542	1.0
3778	2880	1.0
3779	3596	1.0
3779	3619	1.0
3780	3522	1.0
3781	2578	1.0
3783	1123	1.0
3784	3767	1.0
3785	3742	1.0
3786	3545	1.0
3787	3788	1.0
3789	3616	1.0
3791	3629	1.0
3792	3557	1.0
3793	3794	1.0
3795	320	1.0
3796	3767	1.0
3797	3672	1.0
3797	3673	1.0
3797	3674	1.0
3797	3761	1.0
3797	3770	1.0
3798	3629	1.0
3800	3546	1.0
3801	3608	1.0
3802	3803	1.0
3802	3804	1.0
3804	3629	1.0
3805	3539	1.0
3806	3807	1.0
3809	3524	1.0
3810	3561	1.0
3811	3812	1.0
3813	3814	1.0
3815	3816	1.0
3817	830	1.0
3819	3820	1.0
3821	3714	1.0
3822	3823	1.0
3824	1675	1.0
3825	3728	1.0
3826	947	1.0
3826	3827	1.0
3828	2578	1.0
3829	3830	1.0
3831	3580	1.0
3832	1114	1.0
3833	2578	1.0
3834	3767	1.0
3836	2831	1.0
3838	3752	1.0
3839	3608	1.0
3839	3840	1.0
3841	3790	1.0
3843	3783	1.0
3845	2512	1.0
3846	3764	1.0
3847	3688	1.0
3848	3849	1.0
3850	3816	1.0
3851	3743	1.0
3852	3853	1.0
3852	3854	1.0
3855	3856	1.0
3857	3590	1.0
3858	3859	1.0
3858	3860	1.0
3859	3860	1.0
3861	3862	1.0
3863	2101	1.0
3863	3586	1.0
3863	3747	1.0
3864	3865	1.0
3866	3660	1.0
3866	3663	1.0
3867	3868	1.0
3868	3588	1.0
3869	3545	1.0
3871	3608	1.0
3872	3873	1.0
3874	2693	1.0
3875	3524	1.0
3875	3840	1.0
3876	3877	1.0
3877	3524	1.0
3878	3534	1.0
3879	2578	1.0
3880	3609	1.0
3880	3881	1.0
3881	3608	1.0
3881	3609	1.0
3882	1123	1.0
3882	2578	1.0
3882	3883	1.0
3884	3885	1.0
3884	3886	1.0
3888	830	1.0
3889	3577	1.0
3890	3524	1.0
3891	830	1.0
3891	2580	1.0
3891	3654	1.0
3892	1561	1.0
3892	3766	1.0
3892	3767	1.0
3893	3659	1.0
3894	3840	1.0
3895	3767	1.0
3896	3583	1.0
3896	3584	1.0
3896	3585	1.0
3897	3898	1.0
3898	3651	1.0
3898	3652	1.0
3899	3684	1.0
3900	3659	1.0
3900	3901	1.0
3901	3549	1.0
3901	3550	1.0
3902	3903	1.0
3905	3563	1.0
3906	307	1.0
3906	2578	1.0
3906	3739	1.0
3906	3856	1.0
3907	3524	1.0
3907	3840	1.0
3908	1123	1.0
3909	2578	1.0
3910	3689	1.0
3910	3911	1.0
3911	3689	1.0
3912	2578	1.0
3912	3578	1.0
3912	3913	1.0
3913	3573	1.0
3913	3744	1.0
3914	3782	1.0
3915	3688	1.0
3916	3565	1.0
3917	2578	1.0
3918	3737	1.0
3919	3520	1.0
3919	3539	1.0
3920	3820	1.0
3921	3620	1.0
3922	3923	1.0
3922	3924	1.0
3922	3925	1.0
3926	3927	1.0
3928	2578	1.0
3928	2580	1.0
3928	3569	1.0
3928	3596	1.0
3928	3619	1.0
3929	2216	1.0
3929	3545	1.0
3930	3619	1.0
3932	3673	1.0
3933	3545	1.0
3934	830	1.0
3934	2578	1.0
3935	3583	1.0
3936	3937	1.0
3938	1124	1.0
3939	2578	1.0
3939	3608	1.0
3939	3651	1.0
3940	3759	1.0
3941	3588	1.0
3942	3551	1.0
3944	3658	1.0
3945	3946	1.0
3947	3730	1.0
3948	3652	1.0
3950	3678	1.0
3951	3588	1.0
3951	3952	1.0
3952	3588	1.0
3952	3868	1.0
3953	3554	1.0
3954	3735	1.0
3955	3956	1.0
3957	3557	1.0
3958	3568	1.0
3959	3960	1.0
3962	3963	1.0
3964	1198	1.0
3964	2578	1.0
3964	3593	1.0
3965	3966	1.0
3968	3969	1.0
3970	3596	1.0
3970	3597	1.0
3971	3557	1.0
3972	3531	1.0
3973	3974	1.0
3975	3516	1.0
3977	3853	1.0
3978	3580	1.0
3979	3980	1.0
3981	3943	1.0
3981	3976	1.0
3983	3761	1.0
3984	3604	1.0
3985	2512	1.0
3986	3616	1.0
3986	3679	1.0
3987	3750	1.0
3988	3989	1.0
3991	3992	1.0
3992	3603	1.0
3993	3545	1.0
3993	3688	1.0
3993	3865	1.0
3994	1044	1.0
3994	1532	1.0
3995	2578	1.0
3995	3608	1.0
3995	3651	1.0
3996	3524	1.0
3996	3619	1.0
3996	3652	1.0
3997	3552	1.0
3997	3553	1.0
3998	3999	1.0
4000	3569	1.0
4001	2580	1.0
4002	3709	1.0
4003	4004	1.0
4005	3603	1.0
4006	3651	1.0
4006	3783	1.0
4007	4008	1.0
4009	3726	1.0
4010	3516	1.0
4012	3531	1.0
4013	3676	1.0
4014	3524	1.0
4014	3596	1.0
4014	3651	1.0
4015	3931	1.0
4016	2578	1.0
4017	3967	1.0
4018	3818	1.0
4019	3859	1.0
4019	3860	1.0
4020	3726	1.0
4021	3752	1.0
4022	3924	1.0
4023	3608	1.0
4024	3520	1.0
4024	3527	1.0
4024	3528	1.0
4024	4025	1.0
4025	3527	1.0
4025	3528	1.0
4026	3622	1.0
4027	2578	1.0
4028	3577	1.0
4029	3532	1.0
4029	3636	1.0
4030	3524	1.0
4031	3518	1.0
4031	3536	1.0
4031	3623	1.0
4032	2512	1.0
4032	3771	1.0
4033	3614	1.0
4035	3553	1.0
4036	3718	1.0
4037	3524	1.0
4037	3619	1.0
4038	3684	1.0
4039	3750	1.0
4040	3702	1.0
4041	3588	1.0
4041	3868	1.0
4042	3589	1.0
4043	3840	1.0
4044	3924	1.0
4044	3952	1.0
4045	1123	1.0
4046	1135	1.0
4047	3865	1.0
4048	3522	1.0
4049	3904	1.0
4050	3849	1.0
4051	3946	1.0
4052	3552	1.0
4053	3578	1.0
4054	3549	1.0
4054	3659	1.0
4054	3754	1.0
4055	986	1.0
4056	3767	1.0
4058	3923	1.0
4059	3515	1.0
4060	3568	1.0
4060	3569	1.0
4060	3608	1.0
4060	3695	1.0
4061	3569	1.0
4062	1047	1.0
4062	1060	1.0
4062	1124	1.0
4062	1294	1.0
4062	2718	1.0
4063	3573	1.0
4063	4064	1.0
4064	3573	1.0
4065	3632	1.0
4066	3870	1.0
4067	3542	1.0
4067	3659	1.0
4067	3901	1.0
4068	3543	1.0
4069	2578	1.0
4069	3608	1.0
4069	3651	1.0
4070	3989	1.0
4071	4072	1.0
4072	3731	1.0
4073	830	1.0
4075	4076	1.0
4077	830	1.0
4077	1123	1.0
4077	2578	1.0
4078	3764	1.0
4079	3563	1.0
4080	3524	1.0
4080	3876	1.0
4081	3531	1.0
4082	830	1.0
4082	1123	1.0
4083	3531	1.0
4084	3848	1.0
4084	3849	1.0
4084	4056	1.0
4085	3557	1.0
4086	3859	1.0
4086	3860	1.0
4087	3526	1.0
4089	3757	1.0
4090	3887	1.0
4091	3890	1.0
4092	830	1.0
4092	1320	1.0
4092	1321	1.0
4092	2578	1.0
4092	3542	1.0
4092	3549	1.0
4092	3578	1.0
4092	3659	1.0
4092	4093	1.0
4093	2578	1.0
4093	3549	1.0
4093	3658	1.0
4093	3659	1.0
4094	4095	1.0
4096	3602	1.0
4099	3557	1.0
4100	830	1.0
4101	3768	1.0
4102	2693	1.0
4103	3608	1.0
4104	4057	1.0
4105	3844	1.0
4106	3524	1.0
4107	3524	1.0
4110	3595	1.0
4111	3818	1.0
4112	3700	1.0
4113	3683	1.0
4113	4011	1.0
4114	3577	1.0
4116	3733	1.0
4117	4076	1.0
4118	4088	1.0
4119	3632	1.0
4120	4076	1.0
4121	3999	1.0
4122	4098	1.0
4123	3604	1.0
4125	4126	1.0
4127	4128	1.0
4129	4074	1.0
4130	3807	1.0
4131	2578	1.0
4131	3781	1.0
4132	3545	1.0
4133	3538	1.0
4134	3524	1.0
4134	3597	1.0
4135	4136	1.0
4137	3859	1.0
4137	3860	1.0
4138	3799	1.0
4139	4122	1.0
4140	3842	1.0
4141	4142	1.0
4143	3678	1.0
4144	4095	1.0
4145	832	1.0
4146	2578	1.0
4147	3790	1.0
4148	3527	1.0
4148	3528	1.0
4149	2579	1.0
4149	3524	1.0
4150	3667	1.0
4151	3931	1.0
4152	3898	1.0
4153	2578	1.0
4154	4142	1.0
4155	830	1.0
4155	832	1.0
4155	3715	1.0
4156	3545	1.0
4157	3660	1.0
4158	4109	1.0
4158	4159	1.0
4160	3564	1.0
4161	4124	1.0
4162	2578	1.0
4163	830	1.0
4164	3616	1.0
4164	3679	1.0
4165	3568	1.0
4166	1123	1.0
4167	4034	1.0
4168	3575	1.0
4169	4108	1.0
4170	3545	1.0
4171	3990	1.0
4172	3566	1.0
4173	3524	1.0
4174	3606	1.0
4175	3549	1.0
4175	3659	1.0
4175	4093	1.0
4176	830	1.0
4176	3531	1.0
4176	3557	1.0
4176	3660	1.0
4176	3856	1.0
4177	3664	1.0
4178	3636	1.0
4179	4180	1.0
4181	3627	1.0
4182	3643	1.0
4183	1135	1.0
4184	320	1.0
4185	4055	1.0
4186	4095	1.0
4187	3938	1.0
4188	3616	1.0
4188	3776	1.0
4189	3611	1.0
4190	3578	1.0
4191	3646	1.0
4192	3524	1.0
4192	3876	1.0
4193	3931	1.0
4194	3960	1.0
4195	3531	1.0
4196	3549	1.0
4196	3550	1.0
4197	3660	1.0
4198	3611	1.0
4198	3718	1.0
4198	3835	1.0
4199	3604	1.0
4200	4008	1.0
4201	3525	1.0
4202	3961	1.0
4203	3654	1.0
4204	3524	1.0
4204	3597	1.0
4205	2578	1.0
4206	3557	1.0
4207	3549	1.0
4207	3659	1.0
4208	3788	1.0
4209	3949	1.0
4210	3721	1.0
4211	4115	1.0
4212	3990	1.0
4213	3568	1.0
4213	3569	1.0
4213	3608	1.0
4213	3695	1.0
4214	3768	1.0
4215	3982	1.0
4216	3952	1.0
4217	3608	1.0
4218	3853	1.0
4219	3632	1.0
4219	3696	1.0
4220	3742	1.0
4221	3564	1.0
4222	3616	1.0
4222	3776	1.0
4223	3990	1.0
4224	3807	1.0
4225	3538	1.0
4226	4097	1.0
4227	3808	1.0
4228	3551	1.0
4229	3949	1.0
